Dataset,Method,Accuracy,Accuracy std,F1,F1 std,AUC,AUC std
balance-scale,XGBoost,0.8412698412698412,0.02459037045211056,0.6017695204299519,0.01049943090840292,0.9086274509803921,0.02635149977572659
balance-scale,CatBoost,0.8952380952380953,0.01904761904761905,0.6268533590177979,0.010852349464543326,0.9430087897227857,0.017220139643825343
balance-scale,LightGBM,0.8507936507936508,0.024794443415576666,0.6279176633867907,0.04450673940390944,0.9220419202163624,0.021704864971112743
balance-scale,RandomForest,0.8349206349206348,0.02767554884787728,0.6006896670929042,0.012870001029973868,0.8299154834347533,0.028620165140522312
balance-scale,MLP,0.9666666666666666,0.01318511724272712,0.9251752831539968,0.02904671151461823,0.9963353617308993,0.002965409637853853
balance-scale,RW-MLP,0.9698412698412697,0.01497457322548668,0.9318539748326884,0.03233293073460587,0.9971737660581473,0.0028203399434192948
balance-scale,Linear-MLP,0.9365079365079365,0.04545340020087732,0.8220172655237195,0.1486398689793553,0.9819066937119676,0.014982163009160266
balance-scale,FT-Transformer,0.9619047619047618,0.030283784171966532,0.9121985917036669,0.0744717113349583,0.9912508451656524,0.007702642233449713
balance-scale,RW-FT-Transformer,0.9682539682539681,0.015873015873015872,0.9283950637917382,0.04794112144974623,0.9949695740365112,0.004383946502292422
balance-scale,RTDL-ResNet,0.9714285714285713,0.009523809523809513,0.934565721401367,0.031773273890921196,0.992393509127789,0.005483784896976029
balance-scale,RW-ResNet,0.9555555555555555,0.019825390471106024,0.9000740428398923,0.055241084289170114,0.99131845841785,0.006743600838652801
balance-scale,NODE,0.9349206349206349,0.025047196568348407,0.7949211219598691,0.11085999739163044,0.9841649763353617,0.00716571613812897
balance-scale,RW-NODE,0.9063492063492063,0.027902215605153886,0.7831499160894858,0.11534212690436656,0.9654090601757945,0.013436343917427733
mfeat-fourier,XGBoost,0.8380000000000001,0.028301943396169812,0.8369474131539614,0.028439688779287604,0.9825722222222222,0.004940247907009992
mfeat-fourier,CatBoost,0.8300000000000001,0.013416407864998725,0.8278577805300937,0.013920057594915027,0.9835833333333334,0.0028232664297464707
mfeat-fourier,LightGBM,0.8460000000000001,0.020832666655999678,0.8449582215491442,0.02141356392188614,0.9836194444444445,0.00456435549112716
mfeat-fourier,RandomForest,0.8219999999999998,0.02917190429162963,0.8200613191222942,0.029083503947013756,0.9811166666666669,0.0038842194188571954
mfeat-fourier,MLP,0.8205,0.014568802284333448,0.8170891747471319,0.015039888214511398,0.9802444444444444,0.004264550256344612
mfeat-fourier,RW-MLP,0.8085000000000001,0.02121909517392293,0.8049436417821546,0.022408878014197605,0.9801249999999999,0.0042737038682022195
mfeat-fourier,Linear-MLP,0.8125,0.01820027472320126,0.8076603319598824,0.024254904795070614,0.9794722222222221,0.004954795656734977
mfeat-fourier,FT-Transformer,0.8305,0.02360614326822574,0.8259586731728452,0.025488443114755198,0.9833416666666667,0.0037200045217681403
mfeat-fourier,RW-FT-Transformer,0.8094999999999999,0.01709532099727873,0.7980018359737093,0.01833079184487631,0.977547222222222,0.0039819044779608815
mfeat-fourier,RTDL-ResNet,0.818,0.02441311123146738,0.8136680375288018,0.026460563315929365,0.9812805555555555,0.0051800967923174976
mfeat-fourier,RW-ResNet,0.8314999999999999,0.014326548781894415,0.8265197575091646,0.013923435708863254,0.982536111111111,0.004223666602361193
mfeat-fourier,NODE,0.8240000000000001,0.01997498435543816,0.8221579174037993,0.019757949944734735,0.9799027777777779,0.005446941745853024
mfeat-fourier,RW-NODE,0.8009999999999999,0.025079872407968887,0.7986607052358305,0.025159276014759483,0.9769972222222222,0.004319573059892924
mfeat-karhunen,XGBoost,0.9425000000000001,0.01764227876437732,0.9424011631833078,0.017701402396301667,0.9960361111111112,0.001917473662638825
mfeat-karhunen,CatBoost,0.942,0.009539392014169428,0.9419035694009722,0.009697992679152442,0.9970333333333332,0.0015739389920251686
mfeat-karhunen,LightGBM,0.9535,0.015337861650177947,0.9533807922903067,0.015532774025300431,0.9971944444444445,0.0017071472847566013
mfeat-karhunen,RandomForest,0.9555,0.017385338650713688,0.9553887656303843,0.017490201582953925,0.9965222222222222,0.002141513541146408
mfeat-karhunen,MLP,0.9594999999999999,0.014221462653327886,0.9594388580713977,0.01436429272357992,0.9978361111111111,0.0008992838371465784
mfeat-karhunen,RW-MLP,0.9484999999999999,0.01643928222277357,0.9485915283677674,0.01628094163161643,0.997175,0.0011193479418013534
mfeat-karhunen,Linear-MLP,0.9545000000000001,0.021499999999999974,0.9544428768980071,0.02151856283970967,0.9966861111111112,0.0015571445257502824
mfeat-karhunen,FT-Transformer,0.9505000000000001,0.017528548142958084,0.9505512346555873,0.01730757703470373,0.9970416666666665,0.001844337764652531
mfeat-karhunen,RW-FT-Transformer,0.951,0.011789826122551576,0.9508200261958807,0.011924629922598358,0.9960861111111111,0.0016201589809203233
mfeat-karhunen,RTDL-ResNet,0.962,0.011874342087037928,0.9618595673157874,0.011936114071441744,0.9986555555555554,0.000705161744863999
mfeat-karhunen,RW-ResNet,0.9644999999999999,0.010828203913853867,0.9642644249377241,0.010968612580585537,0.9985305555555557,0.0007263185115683608
mfeat-karhunen,NODE,0.9555,0.012737739202856991,0.9554570002906271,0.01281862352356694,0.9959583333333335,0.0019872762705040806
mfeat-karhunen,RW-NODE,0.9425000000000001,0.016918924315688595,0.9424181336221222,0.016938304877094832,0.9948416666666666,0.0023394776904679324
mfeat-morphological,XGBoost,0.6885,0.03428191943284389,0.6852648758760792,0.0346542678796197,0.9584194444444446,0.0060955667203284125
mfeat-morphological,CatBoost,0.7255,0.037712729946266156,0.7212386520446642,0.03581879669743675,0.9618333333333334,0.00807750840143843
mfeat-morphological,LightGBM,0.6859999999999999,0.030315012782448223,0.683686773752831,0.029744175131123384,0.9574138888888888,0.00540413721828695
mfeat-morphological,RandomForest,0.693,0.03249615361854383,0.6891676210007848,0.03167774311708919,0.9585680555555556,0.00641797560603262
mfeat-morphological,MLP,0.747,0.03536947836765479,0.7364321022569162,0.0320073550089498,0.9678888888888888,0.005604176132444165
mfeat-morphological,RW-MLP,0.749,0.030561413579872278,0.7389850108119698,0.028124356826664632,0.9674888888888888,0.0059423178958474075
mfeat-morphological,Linear-MLP,0.729,0.03284813541131368,0.7134621366841476,0.028513398773988653,0.9643527777777778,0.007596102903528065
mfeat-morphological,FT-Transformer,0.741,0.0239582971014219,0.7239613099690666,0.031058713580914214,0.9665777777777779,0.005545390700815509
mfeat-morphological,RW-FT-Transformer,0.755,0.026362852652928127,0.7356759481757772,0.027583871164501162,0.9671249999999999,0.0061941112267127575
mfeat-morphological,RTDL-ResNet,0.737,0.03887158345115363,0.7241859995268514,0.04031574370024873,0.9667749999999999,0.0068792097100297935
mfeat-morphological,RW-ResNet,0.7414999999999999,0.02775337817275586,0.7308302614795614,0.03223410441476834,0.9670166666666666,0.006140311549581639
mfeat-morphological,NODE,0.7070000000000001,0.023259406699226007,0.6954974179517166,0.024141794234887184,0.9635083333333334,0.005898721482105819
mfeat-morphological,RW-NODE,0.7405,0.03157926534927626,0.7334526886171688,0.031244221522238953,0.9666416666666668,0.005462278755018897
mfeat-zernike,XGBoost,0.774,0.028530685235374213,0.773842778769305,0.028505055926458637,0.9684250000000001,0.0037184277923490304
mfeat-zernike,CatBoost,0.7595000000000001,0.026874709300753374,0.7542645677704324,0.028793459927795063,0.9747972222222223,0.0024190617122969867
mfeat-zernike,LightGBM,0.7745000000000001,0.018364367672206974,0.7777833505633488,0.019227349452478528,0.9675027777777776,0.0047154109374096245
mfeat-zernike,RandomForest,0.768,0.02204540768504862,0.7640012102869395,0.024393947412548335,0.9725513888888889,0.0036571005790191325
mfeat-zernike,MLP,0.8299999999999998,0.013416407864998729,0.8278014939537762,0.014885445201350373,0.9825805555555556,0.0017825651685834199
mfeat-zernike,RW-MLP,0.8324999999999999,0.017642278764377347,0.8223494660215479,0.017980136390838453,0.9824111111111111,0.002028987462616969
mfeat-zernike,Linear-MLP,0.8344999999999999,0.01980530232033834,0.8238526936453259,0.016395344225120404,0.9827861111111111,0.0020344278323249356
mfeat-zernike,FT-Transformer,0.8254999999999999,0.014908051515875561,0.8125812272461538,0.012796448631732495,0.9812000000000001,0.0019301378444985394
mfeat-zernike,RW-FT-Transformer,0.8355,0.018090052515125524,0.8192625639755224,0.02351496622829991,0.9814611111111111,0.0027159565079519386
mfeat-zernike,RTDL-ResNet,0.835,0.01870828693386971,0.8297856693599774,0.013982691789813288,0.982213888888889,0.002599146642958996
mfeat-zernike,RW-ResNet,0.836,0.01319090595827293,0.8317830986795454,0.013168975216210016,0.9824666666666667,0.0029989144126369134
mfeat-zernike,NODE,0.8379999999999999,0.01977371993328518,0.8342723569336059,0.02014273398271803,0.9835194444444445,0.0024964496394818854
mfeat-zernike,RW-NODE,0.8305,0.030696090956341657,0.8260493942537181,0.03184381105403525,0.9836222222222222,0.002840329054141901
cmc,XGBoost,0.5202702702702702,0.03688471368636805,0.5034503077088966,0.03875786428024773,0.7119706491145321,0.029973745649462532
cmc,CatBoost,0.5398648648648648,0.04705051448257751,0.5219836903691294,0.05126933758609746,0.7356482971798475,0.02835077203142545
cmc,LightGBM,0.5398648648648648,0.039565989113398245,0.5214484877999832,0.04389358033136317,0.7115101546737945,0.02956291649200575
cmc,RandomForest,0.520945945945946,0.036567727372256234,0.5029835063247161,0.03778310320798173,0.7184760212639949,0.027404105199870913
cmc,MLP,0.5445945945945947,0.045945945945945935,0.5204147353424372,0.04591987021959567,0.7293176847516001,0.026675255845152394
cmc,RW-MLP,0.5418918918918919,0.03995066351106615,0.5182213269157525,0.03806671313922883,0.7316811028987469,0.024405379201023696
cmc,Linear-MLP,0.5513513513513514,0.03965243446248977,0.5277063784976691,0.04425515865904971,0.7291988646908693,0.029124906182403966
cmc,FT-Transformer,0.5581081081081081,0.035906297988071406,0.5441008033489256,0.03502636855876516,0.7335791165806167,0.02882853734132784
cmc,RW-FT-Transformer,0.5418918918918918,0.022773377765341496,0.5274198464489427,0.024390095679371476,0.7310410966098624,0.024254224993501196
cmc,RTDL-ResNet,0.5283783783783784,0.04129920754036791,0.5061174012007239,0.04451091003733597,0.721224047586117,0.027185143160216266
cmc,RW-ResNet,0.5364864864864864,0.03703294488120196,0.5148811492577379,0.04078697281428025,0.7237322654388818,0.029308059618294347
cmc,NODE,0.5567567567567568,0.033266307094841005,0.5310293048368909,0.03349888061380673,0.7327573262379047,0.02425512749833598
cmc,RW-NODE,0.5297297297297298,0.040223989367938424,0.5101466615217609,0.04306712135442324,0.7253092361319038,0.03255071275374279
credit-approval,XGBoost,0.8507462686567164,0.037758539225891105,0.8647773913241584,0.03436491026384818,0.9187387387387387,0.03274077648638495
credit-approval,CatBoost,0.844776119402985,0.02847579705722226,0.8570086210483667,0.025971098170586106,0.9248648648648649,0.03281357622751428
credit-approval,LightGBM,0.853731343283582,0.0311650940564494,0.868482607108343,0.027932820400648293,0.9119819819819821,0.03400360914114579
credit-approval,RandomForest,0.8432835820895521,0.034198326081759996,0.8572615769429035,0.03142251564835082,0.9167567567567568,0.03177563173019436
credit-approval,MLP,0.8537313432835821,0.03324038425570164,0.8653000526254788,0.029406460277512904,0.9086486486486487,0.038109705416655204
credit-approval,RW-MLP,0.8462686567164178,0.035351400842767194,0.8552288758014257,0.03344135386156663,0.9100900900900901,0.03918618607111978
credit-approval,Linear-MLP,0.8298507462686567,0.04681906609360634,0.8459455531815019,0.04216978098822161,0.8967567567567567,0.045625449934019076
credit-approval,FT-Transformer,0.8477611940298507,0.03519351081358683,0.8625427768898326,0.032835725665187866,0.9066666666666666,0.03283088570607615
credit-approval,RW-FT-Transformer,0.8492537313432835,0.025373134328358207,0.864331865323668,0.022183997628534024,0.9163063063063064,0.03154041059027141
credit-approval,RTDL-ResNet,0.8432835820895523,0.048707966782330504,0.8531386425322788,0.046929641924107014,0.9058558558558559,0.037482782888509245
credit-approval,RW-ResNet,0.8432835820895523,0.04916319131940479,0.8530977004416702,0.047554150218594375,0.9041441441441442,0.037810371841776526
credit-approval,NODE,0.8328358208955222,0.032563319745181236,0.8431284139834944,0.029868782247032745,0.9119819819819819,0.03838736518728835
credit-approval,RW-NODE,0.8343283582089551,0.029437437198979143,0.8456968985895351,0.028533946628249506,0.9068468468468469,0.041639167940693535
credit-g,XGBoost,0.757,0.042906875905849864,0.8334433608651268,0.03077097621358649,0.7738095238095238,0.050098768660668626
credit-g,CatBoost,0.7570000000000001,0.0355105618091294,0.8367250679071419,0.026642038730145073,0.7752380952380953,0.057651309346690084
credit-g,LightGBM,0.7590000000000001,0.041340053217188776,0.8342735552322494,0.029167786506906133,0.7665714285714287,0.05492679110372624
credit-g,RandomForest,0.745,0.03170173496829472,0.8335507969476247,0.020973393023754387,0.7834761904761904,0.04322385437812766
credit-g,MLP,0.703,0.02282542442102664,0.8013904838681312,0.023107192794025743,0.7378571428571428,0.025335168211387885
credit-g,RW-MLP,0.7040000000000001,0.02009975124224177,0.8019947610255824,0.017375640096207567,0.7359523809523809,0.02258895240986306
credit-g,Linear-MLP,0.71,0.023664319132398488,0.8055906521684179,0.020976863407565143,0.7251904761904762,0.02315720699539702
credit-g,FT-Transformer,0.748,0.0464327470649756,0.8289799239500992,0.03371084930095167,0.7704285714285714,0.04005860219699788
credit-g,RW-FT-Transformer,0.728,0.041904653679513945,0.8124763449342536,0.031250614226411726,0.7598571428571429,0.038493778394133885
credit-g,RTDL-ResNet,0.7150000000000001,0.032015621187164243,0.8062850297113056,0.025221344207359112,0.7320476190476191,0.03157257772813446
credit-g,RW-ResNet,0.71,0.034351128074635334,0.8042058638423241,0.028523509256155658,0.7317619047619048,0.030062708459307134
credit-g,NODE,0.7099999999999999,0.019493588689617928,0.8065735491977133,0.0179251116350803,0.7422380952380953,0.023306155211623814
credit-g,RW-NODE,0.696,0.024166091947189123,0.7958886110069383,0.0189721105391219,0.7215238095238096,0.026680948556470328
diabetes,XGBoost,0.7181818181818181,0.05480765674288104,0.5762203739239372,0.08805627656669292,0.7794074074074073,0.05364395143329046
diabetes,CatBoost,0.7337662337662337,0.04470627137158055,0.5893979022106001,0.07282646800592946,0.8077777777777777,0.05170057297111742
diabetes,LightGBM,0.7376623376623377,0.04260057004378371,0.6083539593973484,0.06907181628648051,0.7803703703703704,0.04994839586670491
diabetes,RandomForest,0.7363636363636366,0.04720203076723703,0.5900225212614689,0.08242970170926271,0.7965185185185185,0.051320077386297146
diabetes,MLP,0.72987012987013,0.048869838239550094,0.5781326932729233,0.08229986528631222,0.8104444444444443,0.04797284325518222
diabetes,RW-MLP,0.7363636363636364,0.04348225725398237,0.5838330300661634,0.08553428197867799,0.8132592592592592,0.04668835474865018
diabetes,Linear-MLP,0.7441558441558441,0.03854758981728788,0.6009583094072172,0.07949260604960166,0.8051851851851852,0.05463634610312705
diabetes,FT-Transformer,0.72987012987013,0.03617763188878993,0.5921249768832734,0.06841158849169578,0.8046666666666666,0.047447957194965855
diabetes,RW-FT-Transformer,0.72987012987013,0.03755021375272978,0.583707543170541,0.07231459569566513,0.8091851851851851,0.0479977137086966
diabetes,RTDL-ResNet,0.7246753246753247,0.054110822483116015,0.5741341879356406,0.10466655061038836,0.7914814814814815,0.06666275708700999
diabetes,RW-ResNet,0.7363636363636363,0.050981263445170205,0.5974525144418029,0.09174197239001299,0.797111111111111,0.06038327514879823
diabetes,NODE,0.7402597402597402,0.04573199184846497,0.5915854739820123,0.08631190245149802,0.8102222222222222,0.050164940566123896
diabetes,RW-NODE,0.7363636363636364,0.046117612739129114,0.5950334747467234,0.08699591971417937,0.8069629629629629,0.05301779083859174
spambase,XGBoost,0.9496746203904556,0.007438797483506408,0.935829316517421,0.009754730294260685,0.9863533419985033,0.005207598046454115
spambase,CatBoost,0.9496746203904557,0.00774862086745845,0.9356723714580013,0.009829391967085134,0.9845819055496474,0.004915275124043468
spambase,LightGBM,0.9509761388286335,0.008954345961193174,0.9376663261150876,0.01135820864415325,0.9864094686675331,0.004808298277802404
spambase,RandomForest,0.9377440347071582,0.006438534524796463,0.918832918692031,0.009015419422456334,0.9802276576470126,0.005387799957851013
spambase,MLP,0.9399132321041213,0.008998901740863999,0.9236421059256346,0.011420339360920318,0.9788727401630627,0.005091172444486295
spambase,RW-MLP,0.9357917570498915,0.00921334515470512,0.9181248410078835,0.011745999240989988,0.9764386151482926,0.006608195477009736
spambase,Linear-MLP,0.936225596529284,0.010502141810768088,0.9184817855179805,0.013362015313766512,0.9772637756508724,0.00708748094866362
spambase,FT-Transformer,0.936876355748373,0.010195227765726686,0.9202168761920356,0.013904779382954757,0.9794418842805939,0.0053923812459327055
spambase,RW-FT-Transformer,0.9314533622559653,0.00777287326124464,0.9124565355035923,0.010323413093817953,0.9768383945803301,0.005863926156320044
spambase,RTDL-ResNet,0.9347071583514099,0.01103735725224168,0.917035126469371,0.014317351763073359,0.9780554570877152,0.006338264363793299
spambase,RW-ResNet,0.9297180043383946,0.011889101610450961,0.9109045586357334,0.015060810547501068,0.9770609318996415,0.007426490218840741
spambase,NODE,0.9370932754880693,0.006507592190889362,0.9201104126817988,0.008237269521140931,0.9797924297924299,0.004014025058416862
spambase,RW-NODE,0.9266811279826463,0.010257345264674094,0.9074882962952742,0.012892500117679192,0.9687965260545907,0.006371388910462784
tic-tac-toe,XGBoost,0.9927083333333334,0.010468620438667597,0.9945123138677433,0.007846265179581615,0.9998556998557,0.0003079905838110913
tic-tac-toe,CatBoost,0.9791666666666666,0.010416666666666675,0.9844348078331666,0.007655596818701975,0.9999037999037999,0.00028860028860028253
tic-tac-toe,LightGBM,0.996875,0.006669921080659224,0.9976252968378952,0.005075042914342309,0.9999518999518999,0.00014430014430012462
tic-tac-toe,RandomForest,0.9458333333333334,0.025853486762480966,0.9606546837850676,0.01779116540582736,0.9958633958633959,0.003708385813832881
tic-tac-toe,MLP,0.9416666666666667,0.03061862178478974,0.9571561210042038,0.022135566128964095,0.983164983164983,0.019190653359434776
tic-tac-toe,RW-MLP,0.9427083333333334,0.029919597117385576,0.9578593084501602,0.021692465699106076,0.9859547859547859,0.015150827992388675
tic-tac-toe,Linear-MLP,0.80625,0.056902084515615264,0.8591931493293471,0.04019523292754278,0.8607984607984609,0.07100231865857244
tic-tac-toe,FT-Transformer,0.996875,0.004773516348912317,0.9976125984251969,0.0036469612173222025,0.9999518999518999,0.00014430014430012462
tic-tac-toe,RW-FT-Transformer,0.9958333333333333,0.00510310363079827,0.9968503937007874,0.003857464161863266,0.9999037999037999,0.00028860028860028253
tic-tac-toe,RTDL-ResNet,0.996875,0.004773516348912317,0.9976377952755906,0.00360832731886286,1.0,0.0
tic-tac-toe,RW-ResNet,0.9968750000000002,0.004773516348912317,0.9976251968503936,0.003627717574545954,1.0,0.0
tic-tac-toe,NODE,0.9177083333333333,0.04019537787828071,0.9398202842837728,0.02810287235774062,0.9525252525252524,0.04522379209874708
tic-tac-toe,RW-NODE,0.7770833333333333,0.08387842557998915,0.8484310602588216,0.050782969601146706,0.8110630110630112,0.09028798004158989
vehicle,XGBoost,0.7588235294117647,0.03460103804671233,0.7572844540792769,0.03746985336495085,0.9291853250915751,0.015027549139044609
vehicle,CatBoost,0.7411764705882352,0.04935571050212479,0.7359579675697902,0.05170710265245824,0.9289673156704407,0.014590470611563862
vehicle,LightGBM,0.768235294117647,0.034919581363896064,0.7678652459147915,0.03502240220521343,0.9316970720251971,0.012057719320373958
vehicle,RandomForest,0.7588235294117647,0.04015540744912004,0.751290741832233,0.042021837172887405,0.930521756021756,0.015213878822047984
vehicle,MLP,0.8200000000000001,0.04736664032752327,0.8194836511742155,0.04729297502784723,0.9521144948801199,0.018046071490788816
vehicle,RW-MLP,0.8223529411764707,0.05453800934823182,0.821142702434412,0.05526207291235932,0.9552925026362526,0.01967111255626689
vehicle,Linear-MLP,0.7882352941176471,0.06044815331136532,0.7864769462825021,0.06225336536571094,0.9441511127761126,0.02467811177245363
vehicle,FT-Transformer,0.7447058823529412,0.022963789759933094,0.7396885237316201,0.023959177072881106,0.9296495795870797,0.0093674293863784
vehicle,RW-FT-Transformer,0.776470588235294,0.05739440431835513,0.7702040184741575,0.06328996287910867,0.9415612737956488,0.017596861929127267
vehicle,RTDL-ResNet,0.8494117647058823,0.03712878550131647,0.8483758894361078,0.037593085097100895,0.9672467584498834,0.011009486613403528
vehicle,RW-ResNet,0.8576470588235295,0.02259926201446888,0.8573969786241804,0.022404004376394684,0.9681071203102454,0.010260859156567239
vehicle,NODE,0.7976470588235295,0.04169422387451612,0.7947284453780322,0.04179405947814796,0.9437266327422578,0.012408755340247327
vehicle,RW-NODE,0.8094117647058823,0.047875270469119525,0.8097393902568519,0.046220733940502204,0.9544061754218005,0.013139975071530906
electricity,XGBoost,0.8549,0.007712976079309472,0.826050074480505,0.010246642360185795,0.9329448524753647,0.004798863445663513
electricity,CatBoost,0.8268999999999999,0.006803675477269627,0.7887201125146346,0.009221872313377082,0.9063284982691041,0.007192146633702062
electricity,LightGBM,0.851,0.006033241251599347,0.8220800478798799,0.007725528669668339,0.9312679066992,0.005352654952504066
electricity,RandomForest,0.8241999999999999,0.011258774356030041,0.7802434772669247,0.014728787613313515,0.9089536561341557,0.00663064402823533
electricity,MLP,0.8099000000000001,0.009575489543621226,0.7704666619349283,0.010319382332883275,0.8877222882973463,0.008679634650495063
electricity,RW-MLP,0.8109999999999999,0.012649110640673488,0.7724297398654405,0.016661248983979235,0.8893796158923616,0.0109717531900031
electricity,Linear-MLP,0.7947000000000001,0.009899999999999989,0.7441482026640969,0.014239587142517152,0.8716378320274982,0.008554127695355612
electricity,FT-Transformer,0.8107,0.010677546534667936,0.7733332107308989,0.012093467164499508,0.8918392453539651,0.012535371276543987
electricity,RW-FT-Transformer,0.8109,0.010415853301578286,0.7709018292611582,0.016570619238174808,0.8908857200076838,0.010416060481489494
electricity,RTDL-ResNet,0.807,0.01213260071048245,0.7658117885395637,0.014692256742842233,0.8869535008235548,0.010917047701021683
electricity,RW-ResNet,0.8107000000000001,0.013401865541781832,0.7711789944883735,0.014626780214149456,0.8867397443914481,0.012233920629987637
electricity,NODE,0.7931,0.011370576062803513,0.7448882562309511,0.014342391516129514,0.8683419775944022,0.009729597604286632
electricity,RW-NODE,0.7984,0.01140350823211873,0.7520747310426563,0.013963945331925008,0.8724609782115575,0.010800669862320846
eucalyptus,XGBoost,0.6169230769230769,0.05349334969450373,0.6017232114696905,0.060356669092308544,0.8859433574972038,0.018871492057343203
eucalyptus,CatBoost,0.6492307692307693,0.049518390582864884,0.6296765747022911,0.0521581914806209,0.9038713150097765,0.018090919391209225
eucalyptus,LightGBM,0.643076923076923,0.048063074928656344,0.638536674689068,0.05509680223155524,0.8902327643866107,0.014800110526061701
eucalyptus,RandomForest,0.6153846153846153,0.04351426345763371,0.595801685251738,0.04501546268639798,0.8978210262671802,0.021133696647530224
eucalyptus,MLP,0.6384615384615385,0.04973301500075265,0.6154381590626892,0.053672680771245186,0.9081393660470584,0.022146319686085447
eucalyptus,RW-MLP,0.6399999999999999,0.050183096708615656,0.6115533022376426,0.06270654794151463,0.9088391437622206,0.022253403614988437
eucalyptus,Linear-MLP,0.623076923076923,0.04472135954999581,0.5963966444926668,0.051387058966225654,0.899508734570273,0.02413708129066881
eucalyptus,FT-Transformer,0.6430769230769231,0.03879852373205689,0.6288144102477106,0.052165228826017575,0.9091744517590671,0.01782541620283335
eucalyptus,RW-FT-Transformer,0.6323076923076922,0.04587092774115561,0.6095389120016507,0.051432826107977385,0.9094736978121594,0.01622402790584026
eucalyptus,RTDL-ResNet,0.6384615384615385,0.06352560868326947,0.6173080838712411,0.06081126769765886,0.902546403454096,0.02082039702446423
eucalyptus,RW-ResNet,0.6323076923076922,0.04739360554076728,0.6112059634401373,0.05097437983862573,0.903897304974228,0.02070053957219954
eucalyptus,NODE,0.6292307692307691,0.04535200914764207,0.600285410166864,0.04873561951128629,0.9060931068931068,0.014339977057338815
eucalyptus,RW-NODE,0.6138461538461539,0.027905164841872415,0.5865587480220028,0.03669848310987445,0.9029381814766431,0.015416918637731564
analcatdata_authorship,XGBoost,0.9811764705882353,0.014117647058823547,0.9821198054141933,0.014648859465962246,0.9990464772504704,0.0013377573585446828
analcatdata_authorship,CatBoost,0.9729411764705883,0.01396981422004462,0.9718281871501464,0.018049534775003626,0.9989802328344817,0.0011766772264673638
analcatdata_authorship,LightGBM,0.983529411764706,0.01680336100833613,0.9877778354812591,0.012668358157758448,0.9994338414585894,0.000705237621662858
analcatdata_authorship,RandomForest,0.9823529411764707,0.017647058823529422,0.9843966952744335,0.015765840089912407,0.9996371693983314,0.00046186552135694194
analcatdata_authorship,MLP,0.991764705882353,0.009188529030478421,0.9939831636784096,0.006971757183752729,0.99992506432247,0.0001810856194730137
analcatdata_authorship,RW-MLP,0.9905882352941177,0.010256232808331005,0.9903247418972658,0.011747115102519716,0.9998298823994334,0.00031698975729910987
analcatdata_authorship,Linear-MLP,0.9929411764705882,0.0078038230361303475,0.9932809918000249,0.010132540755713362,0.9999099128073186,0.0001924946164667674
analcatdata_authorship,FT-Transformer,0.991764705882353,0.010588235294117638,0.992468008539331,0.012421928983612334,0.9993305409566713,0.0009823268180822594
analcatdata_authorship,RW-FT-Transformer,0.9929411764705882,0.009411764705882359,0.9932797313914898,0.010756680821302503,0.9994156660949114,0.0012070218885295
analcatdata_authorship,RTDL-ResNet,0.9952941176470589,0.005763505277136869,0.9967699886788524,0.003955943379032475,0.9999549564036592,9.592770048742129e-05
analcatdata_authorship,RW-ResNet,0.991764705882353,0.010588235294117657,0.9939768418801147,0.00785797173607226,0.9999095018582047,0.00013824226712828204
analcatdata_authorship,NODE,0.9929411764705882,0.009411764705882359,0.9932746700017301,0.010761125673642527,0.9998947612921668,0.0002329401393017568
analcatdata_authorship,RW-NODE,0.9823529411764707,0.009485009115645367,0.9875531783785991,0.006372229459406889,0.9997907554316752,0.00026902873070328015
analcatdata_dmft,XGBoost,0.18,0.03363406011768427,0.17515537598252254,0.0374936066587742,0.5363514805873397,0.03974474152593697
analcatdata_dmft,CatBoost,0.19249999999999998,0.05367727638395972,0.18603420217761196,0.052880882012487244,0.5482796951551453,0.04011283537000771
analcatdata_dmft,LightGBM,0.2,0.03491060010942235,0.19327552004077392,0.03268120023434158,0.53371078258287,0.03229073077696185
analcatdata_dmft,RandomForest,0.17124999999999999,0.03309550573718432,0.16575327933544248,0.031731949921504646,0.5172416710717209,0.03867704007836235
analcatdata_dmft,MLP,0.20625,0.024526771087935727,0.17365757946373575,0.025400440642664033,0.5665584398192112,0.028015845720073585
analcatdata_dmft,RW-MLP,0.20750000000000002,0.021794494717703363,0.17123460502891855,0.02689092706589051,0.5663824427076397,0.02791630470618606
analcatdata_dmft,Linear-MLP,0.20125,0.040485336851754115,0.16517185927810035,0.04100190226991177,0.5472223543180796,0.036406307500448765
analcatdata_dmft,FT-Transformer,0.20750000000000002,0.03799671038392666,0.17876001650790724,0.04179616985801334,0.5675922589545893,0.028040441360723787
analcatdata_dmft,RW-FT-Transformer,0.20249999999999999,0.03482097069296029,0.17182614529554424,0.03676490297035771,0.565434260174648,0.03246117900628639
analcatdata_dmft,RTDL-ResNet,0.215,0.024874685927665497,0.203494514300051,0.02220964672172192,0.5748047162579726,0.019725900914268214
analcatdata_dmft,RW-ResNet,0.21374999999999997,0.02928843628464995,0.2007911826792986,0.02670941382954476,0.574682276907429,0.018871526358199196
analcatdata_dmft,NODE,0.205,0.021065374432940896,0.1632999838845582,0.032134704559438405,0.5564601671336138,0.031382549500800855
analcatdata_dmft,RW-NODE,0.18375,0.023082731640774238,0.12434103303447756,0.04431100292142028,0.5505037199224165,0.02323442621679536
pc4,XGBoost,0.9116438356164384,0.023815532398237957,0.6079467831887186,0.1033360982015328,0.95078125,0.02482790642215125
pc4,CatBoost,0.9095890410958903,0.01858172598116514,0.5688827572185715,0.0997565164475411,0.9471354166666668,0.03209388166844017
pc4,LightGBM,0.9095890410958903,0.02161607375076644,0.5787311687745176,0.10872406548203097,0.946875,0.032002419462691396
pc4,RandomForest,0.9041095890410957,0.013351773075080764,0.4481285272698316,0.08907611419446153,0.9424913194444446,0.02089766002144991
pc4,MLP,0.9006849315068493,0.026571458549686067,0.5108887813573721,0.19001495967198045,0.9323784722222221,0.02833559912304727
pc4,RW-MLP,0.9041095890410957,0.025072609887291944,0.5363233162146206,0.13454154090750978,0.9246093749999998,0.03581034288346761
pc4,Linear-MLP,0.8958904109589041,0.020502232256295556,0.4959665684373354,0.1357367773223887,0.923611111111111,0.0316679706267836
pc4,FT-Transformer,0.8931506849315068,0.026207022561245186,0.4972240093871972,0.12635545356661118,0.93125,0.029788474519800802
pc4,RW-FT-Transformer,0.9109589041095891,0.029380288478804396,0.6063102325950623,0.09345933908429417,0.9310763888888889,0.04512920569214928
pc4,RTDL-ResNet,0.9047945205479451,0.02713055112375117,0.5723422567136989,0.12295651713605397,0.9239149305555555,0.030296289227205085
pc4,RW-ResNet,0.9034246575342466,0.03291236651159989,0.5771385095779848,0.13113338357895005,0.9176215277777777,0.042981812688965566
pc4,NODE,0.9116438356164384,0.017177994799978683,0.5276800516152573,0.11705864692010988,0.9142795138888887,0.032485029317366985
pc4,RW-NODE,0.9061643835616439,0.025081963593973362,0.5520900604771573,0.13220254346974397,0.9199652777777777,0.0385992984403198
pc3,XGBoost,0.8968152866242038,0.015549752376730827,0.25682480037723004,0.1302621098387109,0.8245345744680851,0.04521472691652086
pc3,CatBoost,0.8974522292993632,0.01379389033611956,0.23784500777635786,0.07666550304162474,0.8478501773049645,0.049283848696588445
pc3,LightGBM,0.8949044585987261,0.014594190111324326,0.26470889014367277,0.139913493225949,0.8398271276595745,0.05459996645821142
pc3,RandomForest,0.9019108280254777,0.0076433121019108255,0.17449653545628777,0.10197904279566615,0.8607934397163121,0.04054621005777288
pc3,MLP,0.8974522292993632,0.010446636603093454,0.13561454140401508,0.14718408313789458,0.8453235815602836,0.047002795548542094
pc3,RW-MLP,0.8961783439490446,0.006401194663134323,0.11325650728127509,0.10692653964035836,0.8448803191489361,0.05589998156770632
pc3,Linear-MLP,0.8968152866242038,0.007427964197255159,0.05119047619047619,0.12509067006360408,0.8384530141843971,0.051752329243182044
pc3,FT-Transformer,0.889171974522293,0.013421214971786926,0.1041695146958305,0.11398256718536201,0.8396498226950355,0.03986716641840421
pc3,RW-FT-Transformer,0.8942675159235669,0.010349093509090393,0.14603410289774538,0.1114335869451311,0.8511746453900709,0.047058234243556915
pc3,RTDL-ResNet,0.8910828025477707,0.012235269243502257,0.11367714411192671,0.11625542513687527,0.8208554964539007,0.06754219992692356
pc3,RW-ResNet,0.8936305732484076,0.01029012383528886,0.11939610321626741,0.08534845425597362,0.8236923758865249,0.07298347908559098
pc3,NODE,0.8974522292993632,0.0034300412784296196,0.022291021671826623,0.04466795986841222,0.8309175531914892,0.049621880713068355
pc3,RW-NODE,0.8961783439490446,0.005732484076433119,0.017391304347826087,0.05217391304347825,0.8459663120567378,0.05655062557883401
jm1,XGBoost,0.8096,0.006199999999999979,0.25876279434665317,0.030547052437075197,0.7239959325675986,0.00804423448302282
jm1,CatBoost,0.8110999999999999,0.0039357337308308475,0.2305433568531578,0.036945802660347186,0.7197676575170755,0.012343779632150977
jm1,LightGBM,0.8086,0.004317406628984543,0.25027661647750665,0.030888719976393263,0.7225403545573149,0.005954279375483443
jm1,RandomForest,0.8117000000000001,0.0042438190347845505,0.22038467791268285,0.028536992757421165,0.7307708296027219,0.014804105510622625
jm1,MLP,0.8141,0.006139218191268294,0.24355419390534627,0.03789826999894522,0.7060416719961117,0.015336559560591293
jm1,RW-MLP,0.8130000000000001,0.0058480766068853395,0.24818427413101132,0.029995569871177706,0.7067045483615153,0.017300117015887042
jm1,Linear-MLP,0.8108000000000001,0.005381449618829453,0.23209037004571717,0.023697071094745864,0.7075794300478371,0.016524939767541956
jm1,FT-Transformer,0.8089000000000001,0.0032999999999999688,0.1843598364098483,0.03325260734071541,0.7096329717837865,0.017111758201609137
jm1,RW-FT-Transformer,0.8108000000000001,0.004853864439804598,0.21274939353179842,0.059858634059981375,0.7082573354480571,0.016534240052687218
jm1,RTDL-ResNet,0.8106,0.006118823416311303,0.20692110907805886,0.04944658911399982,0.7082650098488144,0.018228961738430582
jm1,RW-ResNet,0.8110999999999999,0.0052999999999999645,0.19118254974735804,0.03731341760631956,0.70686155381034,0.018174835232485694
jm1,NODE,0.8104000000000001,0.004199999999999959,0.1700413894330569,0.026395770322913698,0.7072730935509453,0.01890460165188973
jm1,RW-NODE,0.8114000000000001,0.003039736830714096,0.17429223258477922,0.035629243731967054,0.7091923332736435,0.018529924937388958
kc2,XGBoost,0.8415094339622641,0.04480883806429402,0.5340561631351104,0.18494116467324884,0.8017316017316016,0.10818484099374985
kc2,CatBoost,0.8320754716981134,0.05432520773165274,0.5213763798980517,0.1835767285608505,0.8346320346320347,0.1008734645844686
kc2,LightGBM,0.8226415094339623,0.04861924047820803,0.4878137639495158,0.18177298721632754,0.7950216450216451,0.11164320878630359
kc2,RandomForest,0.8471698113207549,0.054976612393711204,0.5499443461595164,0.19757402151397924,0.8255411255411256,0.10058975100828312
kc2,MLP,0.8528301886792453,0.03458547694306294,0.5645923632610939,0.12460655011978525,0.8478354978354978,0.10263621017013312
kc2,RW-MLP,0.8528301886792453,0.05118739609905862,0.5750784939175032,0.17137774672685732,0.8482683982683982,0.0963711622363118
kc2,Linear-MLP,0.8490566037735849,0.037735849056603765,0.5249803767073924,0.1591303972121789,0.8471861471861472,0.09591431517453487
kc2,FT-Transformer,0.8490566037735849,0.036780356018147026,0.5816976604108117,0.14678932446411333,0.8523809523809524,0.09375593032972714
kc2,RW-FT-Transformer,0.8547169811320755,0.03584905660377358,0.6065712766765399,0.13181508750458143,0.8558441558441559,0.09478418988878799
kc2,RTDL-ResNet,0.8415094339622641,0.040642753261392474,0.5494457735247209,0.1347836789116517,0.8344155844155845,0.09766678937383967
kc2,RW-ResNet,0.8377358490566038,0.04934602577593214,0.5207464312956305,0.17477401309581506,0.8491341991341992,0.10571460480503234
kc2,NODE,0.8584905660377359,0.03702154126480864,0.5535998083443905,0.1530581850323516,0.8487012987012987,0.09040884836160426
kc2,RW-NODE,0.8433962264150944,0.052049487638240445,0.5457911825017088,0.19260699672470125,0.8476190476190476,0.10136458618877153
kc3,XGBoost,0.848341232227488,0.009478672985781977,0.33467270733087523,0.04952572439348571,0.7816053796390875,0.03270733467024467
kc3,CatBoost,0.8530805687203792,0.005191683009527624,0.31224759511918265,0.047199214413880315,0.7955056179775281,0.025964996992426825
kc3,LightGBM,0.8483412322274881,0.012358677545407856,0.3075004231157635,0.034660455038331865,0.7807711950970377,0.029066758621806514
kc3,RandomForest,0.85260663507109,0.013480059387040657,0.30356051799645617,0.06570617253074537,0.8026302349336059,0.03060871387784111
kc3,MLP,0.8507109004739336,0.013108357048283732,0.27251858252710026,0.09431912019516413,0.77971569628873,0.031587928825335405
kc3,RW-MLP,0.8492890995260662,0.01465367282818986,0.2612222719142404,0.10124456403258082,0.7758341845420496,0.025015002508142252
kc3,Linear-MLP,0.8483412322274881,0.01405914405136618,0.26843213496073576,0.08578305204148665,0.77402962206333,0.028726372273321234
kc3,FT-Transformer,0.8459715639810426,0.01222160849121103,0.2660997324637827,0.12732252823144774,0.7762427647259107,0.03417577131284229
kc3,RW-FT-Transformer,0.8440758293838864,0.014445261283533812,0.23834138089292,0.10528652797333969,0.7757660878447397,0.026545078591184094
kc3,RTDL-ResNet,0.848341232227488,0.011215317124359456,0.3067332761421179,0.05527806271182646,0.7782686414708887,0.035833388847781415
kc3,RW-ResNet,0.8488151658767773,0.012073686448205686,0.24942656607815458,0.07203516719005557,0.7690755873340143,0.03574435003308435
kc3,NODE,0.8511848341232227,0.011053937241412898,0.23607860189255536,0.06327868168909753,0.7773833844058563,0.03239515299562609
kc3,RW-NODE,0.8488151658767773,0.012258310100831806,0.2701578653494868,0.07623254689312291,0.774591419816139,0.03808733282532848
pc1,XGBoost,0.9306306306306306,0.01398574296960361,0.31147186147186146,0.19314455726120058,0.8370752427184467,0.04634130982376831
pc1,CatBoost,0.9297297297297297,0.013839902248411882,0.27580419580419585,0.18047573257480665,0.858373786407767,0.05902426565642741
pc1,LightGBM,0.9324324324324325,0.014101329587836503,0.3127272727272727,0.1859914983690511,0.8233009708737864,0.05658372973008088
pc1,RandomForest,0.9333333333333333,0.010032007860954983,0.25935508935508933,0.15926018130003944,0.852609223300971,0.06621891816727617
pc1,MLP,0.927027027027027,0.007483444921547783,0.14929292929292928,0.17449786575352563,0.85,0.06060298559899596
pc1,RW-MLP,0.927927927927928,0.012086853932431271,0.17818181818181816,0.1755456751180378,0.8433252427184467,0.053686061366350714
pc1,Linear-MLP,0.9225225225225225,0.00825689314406455,0.10615384615384615,0.11209674604274998,0.8311893203883495,0.0577208247446252
pc1,FT-Transformer,0.9297297297297297,0.011951801046325752,0.24975912975912973,0.181793446274971,0.8025485436893204,0.06799648007557116
pc1,RW-FT-Transformer,0.9306306306306308,0.011431150937341903,0.2379120879120879,0.19626093669169759,0.8362864077669903,0.05839308463272747
pc1,RTDL-ResNet,0.9198198198198199,0.00849908210095187,0.07121212121212121,0.11931277044006078,0.8228155339805825,0.07355660513327915
pc1,RW-ResNet,0.9270270270270272,0.006306306306306277,0.1596248196248196,0.1495140833610409,0.841019417475728,0.07884474402927892
pc1,NODE,0.9288288288288289,0.004851499826247288,0.06444444444444444,0.0986075899214835,0.8264563106796118,0.06461794608733963
pc1,RW-NODE,0.9324324324324325,0.009231487176540182,0.15,0.19621416870348585,0.8099514563106796,0.08386695059448125
bank-marketing,XGBoost,0.9025000000000001,0.0049648766349225685,0.5289564727772852,0.036477994739916524,0.9222755008979024,0.008239542298954705
bank-marketing,CatBoost,0.8998000000000002,0.007318469785412801,0.4818667717206743,0.047682814215059044,0.9197453906110438,0.011572792628793838
bank-marketing,LightGBM,0.9015000000000001,0.0038794329482541687,0.5263135827789899,0.029038980590545188,0.9210945947216501,0.01006054441580055
bank-marketing,RandomForest,0.9017000000000002,0.004960846701924989,0.46329292703678726,0.03973619555128482,0.919732227644111,0.011377855480492145
bank-marketing,MLP,0.8955,0.00588642506110458,0.4811503537553059,0.04401169000904029,0.8988886695061067,0.015727561124563784
bank-marketing,RW-MLP,0.8975,0.0056258332716140865,0.4788280379311667,0.02990461375775798,0.8972827875403115,0.014254975541315062
bank-marketing,Linear-MLP,0.8920000000000001,0.0073212020870892566,0.4516432725452744,0.04147824747676244,0.8914299683148583,0.014190946698270987
bank-marketing,FT-Transformer,0.8993,0.006694027188471831,0.5128962628821647,0.038853962406675005,0.9087655957652855,0.007871409303918832
bank-marketing,RW-FT-Transformer,0.898,0.006465291950097851,0.4848889883480407,0.04338232524207963,0.9011461183350725,0.013389187587726666
bank-marketing,RTDL-ResNet,0.8961,0.0072034713853808075,0.4640465899444905,0.047846461310712365,0.8951127784202558,0.016070408515112867
bank-marketing,RW-ResNet,0.8964999999999999,0.00642261628933257,0.4658188027398006,0.05086151243232536,0.8965513026636204,0.01317584895352515
bank-marketing,NODE,0.899,0.007771743691090185,0.48028656108818035,0.036913142083984565,0.8999257232580223,0.015312611218531764
bank-marketing,RW-NODE,0.8952,0.008231646250902678,0.4431119167934381,0.060796480204146394,0.8933357778843352,0.018442734198450435
blood-transfusion,XGBoost,0.7826666666666666,0.026025628394590845,0.44351890240328384,0.07739768355424424,0.6998538011695907,0.04707483784461594
blood-transfusion,CatBoost,0.796,0.02800000000000001,0.45931445614287664,0.06671925514789798,0.7292397660818712,0.04803258934441522
blood-transfusion,LightGBM,0.7706666666666667,0.02133333333333333,0.418086633522739,0.07604836400429535,0.7067738791423003,0.044384476360215176
blood-transfusion,RandomForest,0.7586666666666667,0.029484459183327965,0.39483670309057994,0.08775322453466573,0.6831871345029239,0.039759900190320094
blood-transfusion,MLP,0.7933333333333333,0.018135294011647266,0.4334619872880743,0.09735451248200289,0.7484405458089669,0.05694952708238767
blood-transfusion,RW-MLP,0.7906666666666666,0.02069889959501337,0.42632711616219865,0.10736326612007496,0.7478557504873294,0.057212641673980595
blood-transfusion,Linear-MLP,0.78,0.01813529401164726,0.35671830229672274,0.11210279766561618,0.7361598440545809,0.0587179189267899
blood-transfusion,FT-Transformer,0.7906666666666667,0.023888630489558558,0.44078738615028945,0.16475052000113327,0.7339181286549707,0.059409435748031134
blood-transfusion,RW-FT-Transformer,0.788,0.030081371127142615,0.42719878687620627,0.1706661752342048,0.7360623781676413,0.0656247305614124
blood-transfusion,RTDL-ResNet,0.7906666666666666,0.021540659228538015,0.44164209104239094,0.09300673815823086,0.7359649122807019,0.053183607789082904
blood-transfusion,RW-ResNet,0.7906666666666666,0.014666666666666684,0.4226201761461229,0.07251942713985449,0.7366471734892788,0.053327825656359296
blood-transfusion,NODE,0.7693333333333333,0.013399834161494524,0.2607327310370789,0.07049820769987399,0.7382066276803119,0.05586623570877554
blood-transfusion,RW-NODE,0.7666666666666666,0.01605545943838972,0.2519934123847167,0.061373416635709034,0.7261208576998051,0.05731375383482416
ilpd,XGBoost,0.6949152542372881,0.05920084473414569,0.3981872806593902,0.11444417102335058,0.7329131652661064,0.06542295503575485
ilpd,CatBoost,0.711864406779661,0.0415167753014098,0.32801158583767276,0.11602223305440913,0.7450980392156863,0.042972328321161664
ilpd,LightGBM,0.7084745762711864,0.03774755500223745,0.43718721356096213,0.0630513878846276,0.7434173669467787,0.053349396164076364
ilpd,RandomForest,0.7152542372881355,0.045981898190679785,0.37218911245897746,0.12160675366660322,0.7642857142857143,0.05434841421331428
ilpd,MLP,0.7033898305084745,0.03808848314278682,0.2842512533957134,0.1693661808338442,0.7340336134453782,0.06082189778946432
ilpd,RW-MLP,0.7203389830508474,0.030555519283593114,0.30511219054697314,0.13582675016892984,0.734733893557423,0.05886086583533461
ilpd,Linear-MLP,0.7101694915254237,0.019250536765424646,0.23674293942772207,0.17379494948021396,0.7130252100840336,0.10169928682696697
ilpd,FT-Transformer,0.6932203389830508,0.03510561894442029,0.262180261793165,0.176601809213368,0.7351540616246499,0.05524122723378009
ilpd,RW-FT-Transformer,0.6915254237288135,0.03372838769852949,0.32723251803459596,0.12904123361392314,0.750140056022409,0.037888713543777965
ilpd,RTDL-ResNet,0.7,0.0448752620165211,0.3855329787181532,0.12107138472457409,0.7387955182072828,0.04988531284238675
ilpd,RW-ResNet,0.7118644067796611,0.03215875586611912,0.39826764384485525,0.11295203127629837,0.7330532212885154,0.048549971190786
ilpd,NODE,0.711864406779661,0.023969721396154154,0.18974144187874167,0.0922078963342263,0.7484593837535014,0.06127094827584635
ilpd,RW-NODE,0.7033898305084745,0.028613462739210394,0.12900457665903892,0.1321332042862567,0.7561624649859944,0.06040117927853889
qsar-biodeg,XGBoost,0.8622641509433961,0.02929089565332079,0.7843860239413643,0.05036757984937607,0.9267857142857142,0.02258856899477132
qsar-biodeg,CatBoost,0.8726415094339623,0.025048901976135376,0.80352104439734,0.04285455508706295,0.9330158730158731,0.02150251791404883
qsar-biodeg,LightGBM,0.8716981132075473,0.030482064946044354,0.8020234990693323,0.048689856654065264,0.9287698412698413,0.023069348113316786
qsar-biodeg,RandomForest,0.8660377358490567,0.026616482980501663,0.787254752095558,0.04912934415955072,0.9317063492063493,0.019406709416342822
qsar-biodeg,MLP,0.8688679245283017,0.02511986218055537,0.8012037779881741,0.041444220522342805,0.9206349206349206,0.023298078322358258
qsar-biodeg,RW-MLP,0.869811320754717,0.028862374605242172,0.8005060240677668,0.051241216179905506,0.9204761904761906,0.02300848266679856
qsar-biodeg,Linear-MLP,0.881132075471698,0.01942571724714528,0.8216561754314006,0.03372376394918985,0.9223412698412699,0.022416279953504592
qsar-biodeg,FT-Transformer,0.8603773584905661,0.019698691526246315,0.7865754888779997,0.028978483782014845,0.9225,0.012793604021341096
qsar-biodeg,RW-FT-Transformer,0.8650943396226415,0.04241088074148871,0.8048888742922609,0.0525848882276273,0.9226190476190477,0.02444328486220962
qsar-biodeg,RTDL-ResNet,0.868867924528302,0.021698113207547165,0.804339980426502,0.0385940470745915,0.9232142857142858,0.02335225585170666
qsar-biodeg,RW-ResNet,0.8669811320754718,0.02683294840250545,0.7990345379726973,0.04433883112943019,0.9173809523809524,0.025490773653347756
qsar-biodeg,NODE,0.8641509433962264,0.022003592056019997,0.7952523308172694,0.036312068988934666,0.9218253968253969,0.01918272192254719
qsar-biodeg,RW-NODE,0.869811320754717,0.021010431557849134,0.8102323975228772,0.03440994444898778,0.9192063492063494,0.025911938781738662
wdbc,XGBoost,0.9631578947368421,0.021415009852164383,0.9488490569744116,0.029936422000355536,0.9937830687830687,0.011051901955187458
wdbc,CatBoost,0.968421052631579,0.01889531511275264,0.955342157369951,0.027335151826241275,0.9917989417989418,0.01295756285318355
wdbc,LightGBM,0.968421052631579,0.020459480332790523,0.9561415612181353,0.028858555163949282,0.9935185185185185,0.011446958802285682
wdbc,RandomForest,0.9736842105263157,0.01797710660694667,0.9639675336952704,0.024091142140833875,0.9942460317460318,0.006076383264943591
wdbc,MLP,0.9789473684210526,0.017189401703741614,0.9703215672586065,0.025364101536526292,0.9929894179894179,0.011425539721339641
wdbc,RW-MLP,0.9807017543859649,0.016550844091327382,0.9733576784342525,0.02340555714635257,0.9929232804232804,0.010729992080460807
wdbc,Linear-MLP,0.9771929824561403,0.024872713822382157,0.9674117544395481,0.03597913689546233,0.9910052910052908,0.011709151310227919
wdbc,FT-Transformer,0.9719298245614034,0.023797649063597437,0.9611559758071386,0.03293635392992065,0.9935185185185184,0.009764198695217243
wdbc,RW-FT-Transformer,0.9771929824561403,0.022260662351665825,0.9689175647570429,0.030823123274023503,0.9943121693121693,0.011115047173833716
wdbc,RTDL-ResNet,0.9754385964912281,0.021052631578947382,0.9650946812688164,0.03038924748301003,0.9929894179894181,0.010416194244767252
wdbc,RW-ResNet,0.9719298245614034,0.021052631578947364,0.9601704859907088,0.03145583718562571,0.9948412698412697,0.008396085223575845
wdbc,NODE,0.9859649122807017,0.013128622409733132,0.9808223266618047,0.018185501904039295,0.9936507936507937,0.012177935752893039
wdbc,RW-NODE,0.9701754385964912,0.02608082236371667,0.9579816387252874,0.03794163241612382,0.9924603174603174,0.012852487889445749
cylinder-bands,XGBoost,0.7552631578947369,0.05890270864631417,0.8140235418365143,0.04530799737297802,0.8366071428571429,0.029685914893833088
cylinder-bands,CatBoost,0.7947368421052631,0.04371907296272673,0.8446928734128367,0.03435142240772003,0.8613095238095237,0.029588782194372817
cylinder-bands,LightGBM,0.7578947368421053,0.04042708288351899,0.8099679454866763,0.03709486446680902,0.8157738095238095,0.04514499348220066
cylinder-bands,RandomForest,0.786842105263158,0.038044295512634115,0.8372778958338081,0.03361363423388598,0.8324404761904761,0.03997523503495349
cylinder-bands,MLP,0.7131578947368421,0.08684210526315789,0.7944105020234223,0.061670783333661244,0.7830357142857143,0.07143415156774861
cylinder-bands,RW-MLP,0.7263157894736842,0.06249653730019956,0.7982106909469502,0.04099156580699923,0.7982142857142857,0.06855323832803795
cylinder-bands,Linear-MLP,0.7026315789473684,0.07163503994113789,0.7854321181609207,0.04960322446157703,0.7619047619047619,0.08096113398056808
cylinder-bands,FT-Transformer,0.6842105263157895,0.08486587103472157,0.7581103588108211,0.06904458674794178,0.7494047619047619,0.0933480612772311
cylinder-bands,RW-FT-Transformer,0.6842105263157895,0.0911605688194146,0.7572901192201124,0.07753118725956101,0.7491071428571429,0.0874924073479374
cylinder-bands,RTDL-ResNet,0.7736842105263158,0.062496537300199564,0.8255530262825095,0.05211343456611459,0.8300595238095237,0.06497985580930239
cylinder-bands,RW-ResNet,0.7763157894736842,0.06143482910488817,0.8296052848693984,0.046738371143473297,0.831547619047619,0.06468953852484823
cylinder-bands,NODE,0.6842105263157895,0.06446025638903102,0.7735580324218851,0.04174441152350011,0.7419642857142857,0.06719932297230762
cylinder-bands,RW-NODE,0.7131578947368421,0.07105263157894737,0.772259578687518,0.061035894679579324,0.7523809523809524,0.075864256982642
MiceProtein,XGBoost,0.9464285714285715,0.021128856368212906,0.941891055281148,0.02570306579528143,0.9984835944094094,0.0019080622456701577
MiceProtein,CatBoost,0.9821428571428571,0.01785714285714286,0.9807319666917189,0.02163759627752637,0.9999053450059101,0.0002839649822695134
MiceProtein,LightGBM,0.9767857142857143,0.01394687442126187,0.9743753494527487,0.015455892092263928,0.9998893381013119,0.00017027174588365315
MiceProtein,RandomForest,0.9946428571428572,0.01143415042398723,0.994919641761747,0.011191341536109489,1.0,0.0
MiceProtein,MLP,0.9982142857142857,0.005357142857142872,0.9974789915966387,0.007563025210084039,1.0,0.0
MiceProtein,RW-MLP,0.9946428571428572,0.008183170883849736,0.9938842203548086,0.009638459682960914,1.0,0.0
MiceProtein,Linear-MLP,0.9982142857142857,0.005357142857142872,0.9974789915966387,0.007563025210084039,1.0,0.0
MiceProtein,FT-Transformer,0.9982142857142857,0.005357142857142872,0.9985294117647058,0.004411764705882337,1.0,0.0
MiceProtein,RW-FT-Transformer,1.0,0.0,1.0,0.0,1.0,0.0
MiceProtein,RTDL-ResNet,1.0,0.0,1.0,0.0,1.0,0.0
MiceProtein,RW-ResNet,1.0,0.0,1.0,0.0,1.0,0.0
MiceProtein,NODE,1.0,0.0,1.0,0.0,1.0,0.0
MiceProtein,RW-NODE,0.9982142857142857,0.005357142857142872,0.9975563909774436,0.007330827067669177,0.9999103530187308,0.00026894094380796045
steel-plates-fault,XGBoost,0.8061538461538461,0.021489565989494325,0.8302262187911081,0.02648285286208398,0.9705153292737728,0.0074757379968682135
steel-plates-fault,CatBoost,0.7938461538461539,0.018744273725638017,0.808726506422809,0.028375196081626974,0.9662759878468539,0.00765128116563639
steel-plates-fault,LightGBM,0.8082051282051281,0.021292861017463274,0.8380747465700876,0.028382659690129902,0.9701013416689428,0.007728469062904362
steel-plates-fault,RandomForest,0.782051282051282,0.02647366051105704,0.801691884502333,0.03136383549420638,0.9625946167928945,0.007931470550132456
steel-plates-fault,MLP,0.7589743589743589,0.023388213848187445,0.7775458721654547,0.03492090258906252,0.9577921713629021,0.00950827529535386
steel-plates-fault,RW-MLP,0.7605128205128204,0.02864918507377111,0.7787045582510219,0.03905386584527144,0.9579133275956764,0.010773949813244428
steel-plates-fault,Linear-MLP,0.7574358974358975,0.027620990788708166,0.7833247029395912,0.03334712626407781,0.9551687796368528,0.007598963718130928
steel-plates-fault,FT-Transformer,0.7717948717948717,0.015427291237426984,0.794488226762938,0.027885998092466627,0.9607260483246561,0.006326611711061358
steel-plates-fault,RW-FT-Transformer,0.761025641025641,0.017645795419574624,0.78118153200139,0.029167655467060155,0.9590531317735721,0.009915607356442787
steel-plates-fault,RTDL-ResNet,0.7605128205128204,0.019331360846123857,0.7850955387578561,0.02885741005560329,0.9572426985547988,0.007770766924956367
steel-plates-fault,RW-ResNet,0.7564102564102564,0.02716012856792893,0.7780863638188825,0.04480531738837554,0.9580678046854365,0.0073442274907279895
steel-plates-fault,NODE,0.7625641025641026,0.019999999999999997,0.7838116601019304,0.033296305595947415,0.9575478015879948,0.007612471526079358
steel-plates-fault,RW-NODE,0.7569230769230769,0.021044394388393027,0.7763457328024832,0.032664439245861605,0.9538645044463664,0.010202156205014115
