Dataset,Method,R²,R² std,RMSE,RMSE std,MAE,MAE std,Spearman,Spearman std,Time (s),Best k
tecator,XGBoost,0.9904738224749419,0.004884024799149188,1.4122646231132614,0.38807352561837766,0.8674047880768778,0.25440176644217477,0.9811026830504433,0.014466134520077239,0.7250079393386841,
tecator,CatBoost,0.9908382905331476,0.003966971450022936,1.4329510830827545,0.4238906913930742,1.0013322202008692,0.28969374870027503,0.984886890130831,0.010319742082650261,0.6007600069046021,
tecator,LightGBM,0.9856885015629675,0.007919082157677669,1.787270486789657,0.6417585925594843,1.149528790769211,0.341731564878831,0.9874524952236097,0.009358329513289774,16.196181654930115,
tecator,RandomForest,0.9922227067857732,0.0032635595964325167,1.2947101193179018,0.3102935112528349,0.8871568924631417,0.17703066107684615,0.9859305101881036,0.008615374383938283,0.624000096321106,
tecator,MLP,0.9932918435877551,0.0037032494561463317,1.1945386009306058,0.35454738435588246,0.8518604451417924,0.20146311710992337,0.990040867804941,0.00817491549522492,0.8332957983016968,
tecator,RW-MLP,0.992867775380334,0.00463521893729576,1.2140659486166512,0.39714790805560357,0.8176551536719003,0.24037366061026946,0.9925851523655534,0.005797672555489052,2.6949890851974487,10.0
tecator,FT-Transformer,0.9049460838074671,0.061864267898275566,4.364696614194375,1.3600377585566275,3.2096567898988724,0.8999901325901783,0.92125849202158,0.0674639932754314,7.823349952697754,
tecator,RW-FT-Transformer,0.9892418165243336,0.004327819094203778,1.5362068232369146,0.32563339604353203,1.1761209425131482,0.245893845087956,0.9853003466736769,0.010673446957387022,59.35335602760315,10.0
space_ga,XGBoost,0.6999956158309232,0.027990774683742278,0.10759218566596784,0.007789722497826412,0.07912386164543296,0.004633675388136779,0.8517393947655248,0.014096430160014219,0.6979820489883423,
space_ga,CatBoost,0.6813674391048676,0.030070769573808793,0.11104570320878968,0.010220928472809213,0.08145615093264023,0.0054851120289967584,0.8408503630581871,0.01415403079291577,0.5412495851516723,
space_ga,LightGBM,0.7097646409913104,0.026940883228050126,0.10589862915325163,0.00876495295833802,0.07776578756752647,0.005105722307296623,0.8546286749106361,0.01535196707665892,11.440447998046874,
space_ga,RandomForest,0.6656489463149926,0.03348322586772404,0.11371250664410933,0.010263555677799794,0.08146935611322978,0.0059494656970960165,0.8362769182896763,0.016243728258309675,0.7043149948120118,
space_ga,MLP,0.7430450542701446,0.02085435801028135,0.09957789135211156,0.006631680100592666,0.07475890407815625,0.004148638296622207,0.8664323043412349,0.010734213222063112,6.615489649772644,
space_ga,RW-MLP,0.7570825911362649,0.018450604187299317,0.09678582698921472,0.0057170419545654345,0.07240313116838037,0.0036228416163384216,0.8745509562525433,0.00951802055703149,44.56936230659485,2.0
space_ga,FT-Transformer,0.6938110275483668,0.036399951775386435,0.10877902860507309,0.010970725691035701,0.08067717730818287,0.006526002101924941,0.843600847342679,0.015973221722605017,28.402354836463928,
space_ga,RW-FT-Transformer,0.7342022652121308,0.03371737961681494,0.10103078850387907,0.006988304596869402,0.07581591962258999,0.004435372960987918,0.8605984457405471,0.017963162890744372,146.93390388488768,5.0
boston,XGBoost,0.8856037301870042,0.046146490987288784,2.848773500262786,0.7076568000886538,2.0258635793947706,0.4021294753280442,0.8922178523382682,0.029783535993262347,0.6907515048980712,
boston,CatBoost,0.8768642523787419,0.031777713328326004,2.990794454670357,0.5710923782647284,2.058413615565498,0.3030551512985665,0.8871222481357324,0.02110298526707339,0.47236511707305906,
boston,LightGBM,0.8561857944389214,0.06226381423858903,3.223319083396688,0.9552320990738433,2.1817438646793823,0.45585627488537683,0.8814050567085502,0.012086631223239793,12.631264257431031,
boston,RandomForest,0.8671951316773262,0.04990130016868423,3.074413051463904,0.6586050463678377,2.1176700804444164,0.3415059273747564,0.8788033286704758,0.030848094352096702,0.5578236818313599,
boston,MLP,0.8710917461609631,0.05996398499989816,3.010703774543371,0.7247145293573419,2.008404441908294,0.26311565898480005,0.8993780291902226,0.03597831581411269,1.280190348625183,
boston,RW-MLP,0.8824794580572339,0.04942174685516904,2.883363133876538,0.6465722653384149,1.9693494353574863,0.27809938730131295,0.9028764910404877,0.03599184871218641,5.585683798789978,10.0
boston,FT-Transformer,0.8250432865937987,0.08102468952421377,3.5170984638962457,1.0286453197959522,2.306107286191454,0.45534705943201914,0.8789655124249001,0.023772494242665997,4.42625322341919,
boston,RW-FT-Transformer,0.8216167087440566,0.09904547204567474,3.5086982676878593,1.1527920634613917,2.25523120506137,0.4374586339554091,0.880300513764402,0.027553704007082153,27.652788043022156,2.0
socmob,XGBoost,0.845909807521062,0.040585188982894066,17.401497547336245,5.696902017825622,6.82728537784219,1.8179243363760142,0.9223449286997372,0.014975201584011586,0.6618949890136718,
socmob,CatBoost,0.8146586607734048,0.09091781755201968,18.933707715529728,8.145900553279317,7.103361400583499,1.7873103893886149,0.9169475850007791,0.015728598407632646,0.4819866418838501,
socmob,LightGBM,0.7650453336370321,0.09144649241061642,21.445134649306976,7.931129014437949,7.982606232798309,2.1130130194051833,0.9171658391396263,0.0197972875186269,23.780834984779357,
socmob,RandomForest,0.7639773888370618,0.08418334304642365,20.9513825684346,6.442805816479961,8.216317749195905,2.1293375466109628,0.925711332190675,0.010789874113173574,0.5842040061950684,
socmob,MLP,0.6823483309961696,0.12789290188120309,24.623274581601002,9.358223573361816,10.553965920441872,2.2065297380252966,0.8252836619059563,0.07638893436280399,1.2053980588912965,
socmob,RW-MLP,0.6784440297614934,0.12914934829544042,24.622476217354663,9.188931381423195,10.459611139065618,2.1318309700635947,0.8384780829213468,0.06006828915192172,5.808014369010925,10.0
socmob,FT-Transformer,0.6488432825218127,0.10796708720370267,25.97708963047114,8.420801381861654,11.046354288252951,2.4335304684664196,0.8482613997221131,0.05644239567781158,4.617184591293335,
socmob,RW-FT-Transformer,0.6538256244422055,0.10856692605184737,25.848613401405885,8.569007629828365,10.911156088699315,2.5578953651281955,0.8605827051136273,0.058844019378270204,25.598413944244385,1.0
sensory,XGBoost,-0.021500030739049568,0.15123179738551423,0.8001995101722297,0.04818460999633316,0.6312059007841966,0.036813541402649745,0.4122479775649456,0.07847136183661559,0.6294447183609009,
sensory,CatBoost,0.2042416263058231,0.08140510667866113,0.7083655847893626,0.04308029221820989,0.5621442441675752,0.03679449872564788,0.4768319758782466,0.05184540544593071,0.48029451370239257,
sensory,LightGBM,0.20486976842863447,0.08486615415922562,0.7088483157897455,0.05805893336572433,0.5720399065132565,0.05136840029927852,0.487114931279672,0.0672877305799269,23.712754464149477,
sensory,RandomForest,0.1579633570575823,0.08465671624468227,0.7294966423783907,0.056131218124396066,0.5830998070904992,0.052477057371588594,0.43451341530487575,0.0612958861650862,0.5748993396759033,
sensory,MLP,0.06697646908938745,0.12698387377406775,0.7664135273570061,0.05756541580768491,0.6101445543354955,0.05493079645853221,0.3267685519016286,0.1782513326268274,0.8778167009353638,
sensory,RW-MLP,0.0765181227097671,0.12848208898475416,0.7625191722975952,0.06147909081423476,0.6078738952505177,0.05796345540733923,0.36919332132174526,0.11118576348824005,4.457473921775818,2.0
sensory,FT-Transformer,0.15162100141348658,0.09039103358805196,0.7325534668798026,0.06347884321482428,0.5916572373488853,0.0601877076179904,0.4113344276967794,0.1128037300380715,4.435550546646118,
sensory,RW-FT-Transformer,0.12738169103628955,0.0955024052233603,0.7426038331565119,0.06118954069149667,0.5997533518692542,0.0584396834180878,0.3913779934376235,0.1191343969509306,22.063054656982423,3.0
no2,XGBoost,0.5420704647973318,0.11736506639744393,0.4703327123641845,0.05008485570176963,0.3611381452330017,0.038485111306988055,0.7331722662413505,0.05494812992323803,0.7162605285644531,
no2,CatBoost,0.5740688442660177,0.10396563527022144,0.4545349261246061,0.05963970418800557,0.3541318300719011,0.04391310408898114,0.7515449263362182,0.04770001950252769,0.5191570520401001,
no2,LightGBM,0.5792869332333559,0.07619675140360975,0.4539797724962565,0.049556161111555475,0.35649048467635824,0.03511495496225791,0.7673197037091266,0.03554985540212545,22.44654247760773,
no2,RandomForest,0.553956821301258,0.10770321765560684,0.46509107930184507,0.05714775291043714,0.360437094196873,0.0419278025010903,0.723611310733334,0.052624844055461195,0.5441290616989136,
no2,MLP,0.520638406290144,0.09834479552397435,0.48356395886892345,0.05097980839849682,0.3814598630133057,0.04013811062317656,0.7326918839054963,0.04667970994273523,0.8011950731277466,
no2,RW-MLP,0.5175499021719052,0.10087718188916474,0.4848515481743105,0.05214606424814515,0.38185246576324466,0.0394824515566157,0.7334217906216429,0.04415856431410044,3.667559289932251,10.0
no2,FT-Transformer,0.46680248566079746,0.11701932243226391,0.5089438058525497,0.05251387089140242,0.3982214737084962,0.04396199894922174,0.7199472208114724,0.04966408647569326,2.313455009460449,
no2,RW-FT-Transformer,0.46949028957724614,0.1252317379960697,0.5070143119882332,0.054442793856777034,0.3934758034907532,0.04295831514957962,0.7256329249096302,0.05016399655178649,12.439267468452453,1.0
quake,XGBoost,-0.22601674422198634,0.08846916396580913,0.20425044301245615,0.010949398436269098,0.16019990934144462,0.00839967725877702,0.07928207794653222,0.04276376949733701,0.47866570949554443,
quake,CatBoost,0.009440747283131112,0.030291681984543014,0.183776596426075,0.009580212855189143,0.1463537173158769,0.007047197465076451,0.0875842168627822,0.018060791711387945,0.45338950157165525,
quake,LightGBM,-0.023399386231537023,0.05210270417324114,0.18677283977854242,0.010599491638902933,0.14802809536048386,0.00730584500516915,0.08334400520056433,0.062022631855924826,26.402748823165894,
quake,RandomForest,0.024178522523876634,0.04136257385463752,0.18234301354847895,0.009116146177189534,0.1448281325985956,0.006478313750587868,0.1031390878833367,0.05249623538879492,0.6049516201019287,
quake,MLP,-0.0011495534597922186,0.020094081546012173,0.1848891267402954,0.011438122662748282,0.1461240535263621,0.007663492944734574,0.07652625287562673,0.0570158786801409,1.6813504219055175,
quake,RW-MLP,-0.0012290747828586745,0.019076027346044595,0.18491163318968548,0.011650367658849631,0.1461112174200355,0.007837314151849023,0.0702403386092324,0.06674933378239771,9.435929536819458,2.0
quake,FT-Transformer,-0.006207487639127052,0.021326252970109656,0.18535493897051253,0.011502659510926687,0.14672534102693605,0.007794798373541113,0.03361476186769923,0.06025475092138773,5.105758810043335,
quake,RW-FT-Transformer,-0.007688954032262852,0.021330737568912943,0.18548987079929374,0.011480984312587893,0.14665316931698297,0.007896960664674204,0.03423101820819421,0.06068210890610292,28.88209307193756,2.0
house_16H,XGBoost,0.6037337067105308,0.034817256505275035,33477.619291437804,2988.1537424620246,17372.86889352875,1008.4714634445639,0.7908095962101946,0.023009632077670657,0.8079955816268921,
house_16H,CatBoost,0.6314098127824559,0.03731950299943388,32368.805604776564,3797.941482408267,16761.36926998566,1218.5314861790273,0.8023906691679734,0.01849216289836547,0.5801245450973511,
house_16H,LightGBM,0.6417707824355368,0.03969365206652323,31868.00003252295,3480.957954909103,16232.896115762976,1031.2891624759768,0.819959188272553,0.019523918244217106,27.649177742004394,
house_16H,RandomForest,0.6078137901957824,0.027259573675639755,33412.6724526215,3786.0145467472225,16821.899774688824,1199.2748969591635,0.8240769362845338,0.018945478677567174,1.4080610990524292,
house_16H,MLP,0.613538606130279,0.04709075736567005,33043.98092379094,3358.5903398209075,16323.835046363829,1064.7023575415544,0.8144249262574019,0.018583945741953253,13.10191798210144,
house_16H,RW-MLP,0.6052922595963703,0.04759042559130069,33370.17731410521,3186.641739827954,16463.80786809082,1249.7847880430838,0.809512295152993,0.01714118274137335,83.7770530462265,10.0
house_16H,FT-Transformer,0.6312865940624466,0.029718370395620017,32292.001171256048,2828.0158083935894,16145.726247460936,865.9953227666327,0.8124520048860264,0.021789485728120485,61.08075079917908,
house_16H,RW-FT-Transformer,0.627343194173897,0.03977816173137164,32374.696973313083,2248.1250715623432,16265.122880810546,732.8404739018866,0.8133122202714536,0.024790242330498424,338.72965755462644,1.0
SWD,XGBoost,0.38320882045079696,0.07555680430893211,0.6381020247254734,0.03515957078217997,0.5061248865127563,0.03374302944712811,0.6151160192055928,0.061809905573695006,0.5495297193527222,
SWD,CatBoost,0.3888677644037357,0.07525763340619036,0.6352006444348794,0.03614730813530876,0.5063364288438864,0.034406502727831384,0.6161195868767011,0.06078417614962844,0.44246597290039064,
SWD,LightGBM,0.3903672416913629,0.07626669572559336,0.6343598015494563,0.03623108557356157,0.5059722974868948,0.03439554907811137,0.6177544850194513,0.06456355820144265,24.617606949806213,
SWD,RandomForest,0.3863526303049342,0.07596982817688468,0.6364196109825758,0.0350074709846483,0.5063564620266833,0.03359019398948394,0.6141304659145649,0.0636412000070698,0.5638006687164306,
SWD,MLP,0.39185490519053656,0.0815825907273067,0.6333858994868747,0.03846896465817955,0.5178270795345307,0.03150345098579467,0.6344703601240032,0.07170282559783016,0.9035114765167236,
SWD,RW-MLP,0.39239976694691814,0.07930942201176902,0.6332814977546937,0.03915200949018215,0.5152927675247192,0.030647043121740974,0.6314961287946799,0.0749382985667304,4.2680888175964355,10.0
SWD,FT-Transformer,0.3997131501223433,0.0926789221919379,0.6288552370785683,0.04409367263116296,0.5074888098239899,0.03701747406421489,0.6308148816575245,0.07311639524898189,4.491399359703064,
SWD,RW-FT-Transformer,0.402572017500795,0.0950374483170801,0.6271258030922412,0.04372351172125471,0.5055779047012329,0.035688500511312074,0.6338627605415793,0.07325200362692855,22.57264189720154,10.0
ERA,XGBoost,0.3554327034865679,0.07798337355954668,1.6146395411574654,0.1043591617401823,1.2951746995449065,0.0879953939312846,0.5526390383121964,0.06312686449043331,0.5721518754959106,
ERA,CatBoost,0.3555944337405416,0.07793868132588759,1.6144397039950182,0.10428163728512159,1.2950546698690864,0.08816986146723198,0.5534283985738077,0.062432017591928506,0.48210701942443845,
ERA,LightGBM,0.3561662269673538,0.0776040780525846,1.6137363648515124,0.10399133481544975,1.2950896027499046,0.08774711741000914,0.5531212727793673,0.06374168039216035,16.968631267547607,
ERA,RandomForest,0.35485111143948406,0.07730633736546381,1.6154575369050588,0.1037265188782055,1.2960476380976533,0.0863506617738636,0.5520196462993442,0.062073858484802964,0.5529207944869995,
ERA,MLP,0.34753032319589205,0.08518903190232442,1.6240517781889126,0.11629493063930484,1.309196993112564,0.11007926315610883,0.5579023622171748,0.06504884549197514,0.9443022012710571,
ERA,RW-MLP,0.35427898400313396,0.08277407958068189,1.6159705983613555,0.11679895856785881,1.3035513405799866,0.11031624918998194,0.5591697866021088,0.06570634585641871,4.350094342231751,3.0
ERA,FT-Transformer,0.34417134475796657,0.079082658770759,1.629396172811487,0.11516554269304069,1.3081128046512602,0.10619537210645055,0.5628492557599651,0.0668867806952087,2.9014443874359133,
ERA,RW-FT-Transformer,0.34377647296876235,0.07734117765151706,1.629952514322961,0.11296960389921172,1.3087621423006057,0.10578165455155139,0.561780623093843,0.0663328555472749,16.681826877593995,3.0
FacultySalaries,XGBoost,0.6514251415143202,0.2913590195062896,1.829273940401204,0.7543837361828571,1.4062412597656249,0.5359407749289672,0.8520782681668122,0.17415810624394554,0.4592242956161499,
FacultySalaries,CatBoost,0.4158225662223992,0.4243550817831377,2.3121144204087507,0.8808549773590607,1.8875760974838092,0.7797562217187286,0.6925978352085154,0.2808686277121373,0.5162860155105591,
FacultySalaries,LightGBM,0.048737466039143196,0.6856015893726435,3.0149665892921154,1.2873576896361407,2.485332477851882,1.1937108150784046,,,14.340318727493287,
FacultySalaries,RandomForest,0.6048004965755921,0.3544787295287955,1.8817240366440324,0.8009779756609233,1.5193980000000005,0.6107501904747058,0.7799999999999999,0.18867962264113203,0.4451401948928833,
FacultySalaries,MLP,0.5769419546310136,0.24090484224858028,2.0683665416697488,0.7867634240145215,1.666305941772461,0.6173358455164619,0.7499999999999999,0.2459674775249768,0.16407511234283448,
FacultySalaries,RW-MLP,0.5963423292220464,0.22648684113535067,2.0099586679141823,0.7701892093431182,1.618378359985352,0.6074795938835585,0.7499999999999999,0.2459674775249768,0.7796696424484253,1.0
FacultySalaries,FT-Transformer,0.36235825829074625,0.34926197348425164,2.4853803700142816,0.8545806162182787,1.952566256713867,0.684890087667396,0.7199999999999999,0.24413111231467402,0.5562653779983521,
FacultySalaries,RW-FT-Transformer,0.3651991262678417,0.3539346827933642,2.457861782439818,0.856681561340713,1.9314596130371093,0.6882410092573874,0.74,0.2497999199359359,3.1175753355026243,1.0
wine_quality,XGBoost,-0.2594024150340818,0.2868546680146399,12420.80870498535,5038.044856286091,3629.1077249426817,287.0456156825498,0.24500173646845483,0.02067693480357753,0.8809712886810303,
wine_quality,CatBoost,-0.00955713246521328,0.03661029254626185,11561.260362087885,5455.660709704859,3138.0096453444394,301.1788806959112,0.3146810402789786,0.028743177814040594,0.7313856601715087,
wine_quality,LightGBM,-0.02051930636785345,0.03327098146861413,11635.691654420554,5534.609593583072,3186.622973598408,335.90241723586865,0.30500605272908454,0.035398513622101314,12.670052576065064,
wine_quality,RandomForest,-0.10160454741833944,0.29118330689590766,11804.305412331714,5324.384242215625,3219.870381400572,349.5737095353553,0.32333731987040015,0.017944883074839157,2.714014506340027,
wine_quality,MLP,0.022862330306516222,0.017204311212457583,11437.142953728297,5546.275602654961,3080.8173520484925,357.27368316433495,0.28914099148940325,0.039975516598553515,5.80348117351532,
wine_quality,RW-MLP,0.021255760457606288,0.01646488836155163,11442.90348774259,5534.880031000812,3056.0974536042213,377.8987606487596,0.3029774216241553,0.03682345153778129,39.57232673168183,2.0
wine_quality,FT-Transformer,0.032548928897476695,0.02255368332853136,11398.229215311601,5563.090546912129,2920.329190240479,323.07353591130976,0.3312730625707661,0.023171824238149827,70.21649606227875,
wine_quality,RW-FT-Transformer,0.028847134674252185,0.018156178384383485,11414.025840437494,5555.190976263173,2964.252164779663,350.79465866951807,0.3360077991574889,0.03734328726002576,354.0629937648773,1.0
Moneyball,XGBoost,0.9277979923521522,0.007898938719342379,24.52290165112398,1.5801910444015062,19.38798222695628,1.2559841928912925,0.9590755932201332,0.007227647162889352,0.660484504699707,
Moneyball,CatBoost,0.938196816955055,0.009349848102333904,22.649991931342257,1.706419776731823,17.78123522573604,1.3257710583094104,0.9649017964981808,0.006968293450106638,0.5814955949783325,
Moneyball,LightGBM,0.937569692545938,0.008399834094637806,22.780574483736906,1.6587352158224795,17.852201417146212,1.3186962954225645,0.9646056346228982,0.007314067683916521,18.010606837272643,
Moneyball,RandomForest,0.9293653389666524,0.007587811340499918,24.241415892794578,1.3886686216508979,19.286411500921307,1.1918017452246665,0.959966880576301,0.008398229632867515,0.5563313007354737,
Moneyball,MLP,0.9450698299275597,0.009412996157913675,21.3218357924574,1.8281488074283456,16.654121964977634,1.4260648331633723,0.9680367752117087,0.006676969324364619,1.430936336517334,
Moneyball,RW-MLP,0.9454608727150576,0.01001287126398991,21.238153201689666,1.9652879366434486,16.73458800777312,1.686578740394438,0.9679524283850188,0.0068165793791901946,6.85964617729187,10.0
Moneyball,FT-Transformer,0.9397519580859786,0.008868793600965683,22.38430578357291,2.0038831277672253,17.70124893188477,1.6192248519104984,0.9661166325065762,0.006375546388415143,8.59653549194336,
Moneyball,RW-FT-Transformer,0.9414136871233859,0.009367927207557164,22.037239293426484,1.8994140827804118,17.45461858933972,1.6459211458291902,0.9665213689063457,0.00650318227274183,49.83181638717652,10.0
black_friday,XGBoost,0.47527718205434377,0.020898664291299097,3678.4368837964817,84.93181943584113,2848.622273943901,59.455758556551736,0.6506058182712579,0.015671804204946762,0.7813878059387207,
black_friday,CatBoost,0.5042237340478407,0.0200894065387086,3575.5666206828073,85.39243488883008,2807.391634271479,68.16928395727292,0.6650078549848603,0.01710170225877371,0.5776506900787354,
black_friday,LightGBM,0.5101158021585295,0.020007453858935143,3554.223109671971,84.73192544902575,2781.0442935353235,65.11341697210926,0.669917482397528,0.016209622961097802,22.1013254404068,
black_friday,RandomForest,0.5077846779423758,0.018802777387941783,3562.714147160241,78.24918527858625,2781.146874075737,54.219753520509144,0.6673994333535502,0.015353848364714512,0.7116140842437744,
black_friday,MLP,0.4151803498391793,0.025155605779245256,3883.3568225478657,97.83770916894193,3029.6430564168927,62.36855432570823,0.6020779682786344,0.017151295080443982,14.564409756660462,
black_friday,RW-MLP,0.4469351285134075,0.022438776289238873,3776.556263041896,93.53156861698045,2935.1635287034514,64.29493675818091,0.631824659050727,0.013509598132837695,107.08029673099517,10.0
black_friday,FT-Transformer,0.4269126517969015,0.02328549710254031,3844.304650403261,94.57700386688197,2984.6478365966796,69.47845491333277,0.6183317575489319,0.01734582818180493,54.62146270275116,
black_friday,RW-FT-Transformer,0.4347706660616165,0.030860281178685514,3816.943379435927,108.46540300054608,2966.279401171875,86.30207799021937,0.6232818284775474,0.02296799233532179,292.5308599472046,3.0
wine-quality-white,XGBoost,0.9990399612114377,0.00030430520127216283,881.5041213058848,145.53086106668547,448.36835142621993,57.12851938564119,0.8042184917171253,0.036383254193067545,0.81666259765625,
wine-quality-white,CatBoost,0.9990662114120339,0.0003419521253827609,868.1181776652535,162.6121292155127,496.56130135236515,66.41694336914158,0.736528411139694,0.0339744444945801,0.6693064451217652,
wine-quality-white,LightGBM,0.999292714036601,0.0002360787151949274,757.3661797122926,132.09965121110304,400.9515890295153,47.0457164291611,0.8056035886738725,0.04914982559130806,7.76040678024292,
wine-quality-white,RandomForest,0.9991882972793278,0.00024907217999602506,812.6521919183722,129.8597173347894,417.8307526239212,52.793664432486906,0.7580314850259613,0.03180374721660662,0.8641281127929688,
wine-quality-white,MLP,0.9703794733115971,0.030679797370049163,4282.432329331021,2522.510914490936,1490.563431796959,581.6081759192886,0.6242231974462957,0.0497829813297055,1.8247283935546874,
wine-quality-white,RW-MLP,0.9936438947112036,0.014395325297316897,1620.4551972922732,1538.6247675580476,750.050707300413,286.6242267442671,0.6430706887193518,0.03540285845986077,13.200398492813111,10.0
wine-quality-white,FT-Transformer,0.9970928687752639,0.001635368908365716,1493.285003216113,466.9224286727879,1076.4237710930124,407.44343088084884,0.5401833575154261,0.05386406349653448,24.58214600086212,
wine-quality-white,RW-FT-Transformer,0.989144509120303,0.018811804994860147,2213.399349858254,2079.1101323013336,982.1558075433662,376.2410665225297,0.6126844603545787,0.06063194384264238,177.05635068416595,5.0
diamonds,XGBoost,0.9772357405570051,0.0031620460428168325,597.0354401766123,45.44230734442363,307.141979460144,17.99523145320718,0.9938279915445511,0.0005447566603943814,0.8454014539718628,
diamonds,CatBoost,0.9769230443812859,0.0024623204930600633,601.4740079098715,32.78322014551394,331.20241819028297,14.023550611849481,0.9893469423416456,0.0011650433935959052,0.4907803773880005,
diamonds,LightGBM,0.9783297105618189,0.0023676783296059088,582.723302385448,31.63320849972094,303.5713393181917,13.269450660102116,0.9927125191732413,0.0007796756299650654,14.17225136756897,
diamonds,RandomForest,0.9756177870368624,0.0028956042210492227,618.1590478179907,39.730275648039196,328.8754516458317,16.548505235949108,0.9910747351771635,0.0009013166578303206,0.8741921186447144,
diamonds,MLP,0.9702577003599041,0.004556407315030793,681.8811396266035,48.825962408985006,379.30375099029544,21.822641791567957,0.9887260350083127,0.0019487942192630853,23.151361751556397,
diamonds,RW-MLP,0.9764543775007997,0.002625395819995122,607.7172935765129,36.75684339150056,346.7318643203735,17.418591357846687,0.9899772523855545,0.0018611025458640793,151.27013683319092,10.0
diamonds,FT-Transformer,0.9768999802429598,0.0034893249478376498,601.1174449867949,48.76446724991751,345.2445773529053,21.664562657423726,0.9894747877886607,0.0017969679615607232,71.89661347866058,
diamonds,RW-FT-Transformer,0.9769734214765091,0.0024655538624401337,600.9111164173326,35.266377994585305,349.1060824157715,16.45763864304687,0.9894230692245044,0.001661002833280095,442.3859467744827,1.0
Mercedes_Benz_Greener_Manufacturing,XGBoost,0.8775558065308587,0.06729348491027423,27065.852352731647,5981.875613497016,16488.40262467894,1637.743841826005,0.9509656931936998,0.007036189476959227,0.8007840156555176,
Mercedes_Benz_Greener_Manufacturing,CatBoost,0.8787393262426676,0.06115643368296191,27100.29478363295,5509.429155580943,15539.733074877697,1239.8123749516765,0.9563367740392357,0.006668275281359895,0.5388597249984741,
Mercedes_Benz_Greener_Manufacturing,LightGBM,0.8635112585134184,0.059734556328816184,28938.980743208238,5596.606984374045,16181.847815017647,1413.9359816802346,0.9542468666929903,0.007429818613647938,15.12720067501068,
Mercedes_Benz_Greener_Manufacturing,RandomForest,0.8707450993771442,0.05712935321278045,27964.56095117097,4584.624366571597,16925.646612049128,1216.7226650219775,0.9471319942237739,0.00978358314970183,0.9161302089691162,
Mercedes_Benz_Greener_Manufacturing,MLP,0.7734368779374694,0.13112113444176593,36670.83346172107,11519.676571474249,18948.163789597606,3309.666204992496,0.9439928291662726,0.014768814093638673,1.208239483833313,
Mercedes_Benz_Greener_Manufacturing,RW-MLP,0.762929893754006,0.13025074648452392,37590.82460633394,11473.007980234459,18272.63801102312,2305.2884101915624,0.9485523905244829,0.010361730744942984,6.397778487205505,5.0
Mercedes_Benz_Greener_Manufacturing,FT-Transformer,0.8503047663818546,0.07162655577077434,30044.55821772044,6830.52411257587,17472.97410905394,2056.9758468183745,0.9489259809639107,0.008041870324646953,23.434613347053528,
Mercedes_Benz_Greener_Manufacturing,RW-FT-Transformer,0.8338721045544324,0.08597821447243773,31660.931938619113,9269.40648451252,16503.838637093322,1889.7848512042765,0.9551743844490742,0.007017072069596967,129.55213463306427,3.0
Brazilian_houses,XGBoost,0.4660029701136616,0.06316356640821218,9.080438433829592,1.2292142842209144,5.965331608208229,0.3124973095265901,0.7268161473021594,0.02154806346674814,0.8577685117721557,
Brazilian_houses,CatBoost,0.5710989800855604,0.07437061588938804,8.14903075356716,1.4006694564278193,5.303493594098027,0.2720123546518173,0.7641308812280929,0.020396301631248687,0.9831036567687989,
Brazilian_houses,LightGBM,0.5665337351760077,0.06944846947742375,8.190996101691875,1.3469314879645584,5.360972432352803,0.24850207608282068,0.7610413536752552,0.01946543119327815,8.982611227035523,
Brazilian_houses,RandomForest,0.5679413091845065,0.0689189559066597,8.178237307751976,1.3448070552736164,5.341831079294863,0.23628398145419946,0.758518804018307,0.023545628034255132,0.9508540868759155,
Brazilian_houses,MLP,0.5470431243493828,0.062273747471431405,8.371527060121684,1.2722841951639796,5.496593222067645,0.2738913151065837,0.7515976576213268,0.019334353133760574,2.671839118003845,
Brazilian_houses,RW-MLP,0.5409614226668849,0.06832641029187055,8.430185514494092,1.339609782601684,5.551398679139778,0.3768237011209447,0.7392593578391538,0.02864800361057573,23.972211956977844,10.0
Brazilian_houses,FT-Transformer,0.5627455789195683,0.07446668001787658,8.226761219751006,1.394295363899775,5.385290096110799,0.22101258739517607,0.7555074769662548,0.018466119925245512,192.5435958623886,
Brazilian_houses,RW-FT-Transformer,0.5559852668086781,0.07310605908375173,8.28869374791594,1.37107390200391,5.371042901988267,0.29303428525296993,0.7490502881163937,0.029881698194353316,847.5391619205475,10.0
Bike_Sharing_Demand,XGBoost,0.44728904322204394,0.05383830544852646,2305.7063959918946,447.3258543024097,1344.6182867614139,63.37153973993061,0.6603009246896141,0.012976347064673795,1.1550267219543457,
Bike_Sharing_Demand,CatBoost,0.4840487976593136,0.06743754506455105,2229.8999489600837,464.19070013528443,1283.1829284102812,55.67057454422946,0.6844600022952914,0.013722192015865897,1.4120998859405518,
Bike_Sharing_Demand,LightGBM,0.4866703219107536,0.06656768187963343,2225.3294125977377,469.88993103727705,1278.0083986895584,59.09640076554438,0.6906522031019201,0.010880788680109119,223.74882526397704,
Bike_Sharing_Demand,RandomForest,0.4516523754003951,0.058566288921703645,2297.813630079051,459.4463049294828,1352.7685887910575,68.0787253759142,0.648018185182511,0.00975638079025876,1.7753302574157714,
Bike_Sharing_Demand,MLP,0.45638260262829117,0.07411904083765242,2289.192428437119,484.69683421996797,1302.0239170365296,65.37332587463514,0.6736083482258874,0.01349474787262888,7.0554842233657835,
Bike_Sharing_Demand,RW-MLP,0.4439776381024642,0.08360068080010462,2316.60994623538,510.2722061209207,1305.772532581665,65.59866296634387,0.6732839422877935,0.015469990950383181,48.55931658744812,10.0
Bike_Sharing_Demand,FT-Transformer,0.46402777324909295,0.07608001410367107,2274.1746657534413,491.56507576845115,1276.6897844678956,49.60893227113453,0.6836699736905595,0.009846237862426225,192.3202382326126,
Bike_Sharing_Demand,RW-FT-Transformer,0.4598491489308749,0.06708761965301212,2279.039424620583,459.49332915998247,1267.6192454197997,52.351493887972744,0.6879340501689506,0.013262241559100123,1006.2926912069321,1.0
abalone,XGBoost,0.5728773416414423,0.5502214922771627,5780.329019517654,9302.486503909438,320.2018318176269,363.1018880949985,0.9994026196091635,0.00026417497383903317,1.1136548519134521,
abalone,CatBoost,0.49538063549165584,0.5558979894582952,6446.769774362029,10032.78986672282,536.2502386064245,366.0713317618708,0.9929213648512395,0.0016578172481784182,1.1394861221313477,
abalone,LightGBM,0.2987190784562035,0.638547409014181,6858.351656635236,9552.524017551708,527.9168252196441,354.8200346514116,0.9941148663237529,0.003011642129941397,155.0867014169693,
abalone,RandomForest,0.8858789613835503,0.25639893284259196,4201.764564192221,9924.350298222103,289.7805790097605,336.63175822065955,0.9983116385520457,0.0003624358656855324,0.9069654941558838,
abalone,MLP,0.9986328397332302,0.0010142865208429008,179.9350776170073,50.038963570581586,132.75967185058593,37.979156329243715,0.9987328768970445,0.0009216036839603708,15.371144676208496,
abalone,RW-MLP,0.9997290508061424,0.00014449325276726652,104.79727427002634,56.4071275952485,65.78178529052734,16.456580554379478,0.9996826697731935,0.00014672865766492696,93.10091788768769,5.0
abalone,FT-Transformer,0.8698319158991389,0.2626110797097317,4275.685675100075,9829.924384219008,374.6559168334961,331.7661332022289,0.9969871588421653,0.002356341375427402,56.134656643867494,
abalone,RW-FT-Transformer,0.7494254590657334,0.47354969873603264,4347.166323404755,9205.59590522985,353.3566668762207,293.68597967544207,0.9985085713994326,0.0012319791377451586,323.61566376686096,1.0
us_crime,XGBoost,0.48336012109588244,0.04021011357933909,2.3276418712102585,0.18810800570667138,1.6260366281824248,0.10580890733968437,0.7440530423568641,0.02123227612387791,1.162654948234558,
us_crime,CatBoost,0.5406225477695721,0.023409995609780954,2.195738108951484,0.16132101824162426,1.5351023743243055,0.07116187169337872,0.7723393619736272,0.013986672993252132,1.3307772159576416,
us_crime,LightGBM,0.5519405836839176,0.03138632499628078,2.167204091176344,0.15782198538776232,1.5116250579432324,0.07874511191934787,0.7743425302816791,0.02155655652580862,213.33391523361206,
us_crime,RandomForest,0.5432723368406605,0.030799960192662307,2.1882869489960433,0.16119340558161394,1.5296544826713592,0.08793793950136092,0.7701587908488355,0.025455328062965042,0.7182214260101318,
us_crime,MLP,0.5838636972823054,0.02304109912366899,2.0884559056719203,0.13682811670825654,1.4607566709010793,0.07242796387979607,0.7874003848020745,0.019488046284441656,5.343053197860717,
us_crime,RW-MLP,0.5845957974709213,0.023959242035896812,2.085984913894346,0.1294074261708236,1.457683715391815,0.06579223747743906,0.7855451740962935,0.020105515646065896,30.58529245853424,10.0
us_crime,FT-Transformer,0.5666101645675535,0.032147949829608786,2.1309691161512183,0.15455348694057458,1.48019283525111,0.090327574510784,0.7802024489294597,0.02343741839796952,21.7934992313385,
us_crime,RW-FT-Transformer,0.5852523195609894,0.02904518028280385,2.0842122831218437,0.14175889610477527,1.4495863008156917,0.0722174246233434,0.7876725935450862,0.02171482905592137,142.66797571182252,5.0
MIP-2016-regression,XGBoost,0.5816888529420875,0.03520382745010638,0.1455692822311399,0.006669408823871463,0.10446541279812753,0.004853953560873532,0.7775434868517266,0.02238798998722421,1.2643619537353517,
MIP-2016-regression,CatBoost,0.5954728678698759,0.02971544670126821,0.14316522202353216,0.005556480181507211,0.10454873010570147,0.0036966695434881474,0.7834741463669437,0.018141137898516842,1.2756665706634522,
MIP-2016-regression,LightGBM,0.6088103161532613,0.02996596477496385,0.14077098835429927,0.005408792687259254,0.10134751639541832,0.0037856939835707627,0.7915450403796824,0.019185606100456484,379.5770041704178,
MIP-2016-regression,RandomForest,0.5730066966185813,0.026880322355015602,0.1471253685758021,0.005295952859450099,0.10623223226654299,0.0041908473505453386,0.7719446594023065,0.018381542090573338,1.530530571937561,
MIP-2016-regression,MLP,0.5770774984200122,0.03301876589398391,0.1464008263477069,0.0066788965402035305,0.10596999561646754,0.005316577311860564,0.7729592349439568,0.020207781392072473,8.321747088432312,
MIP-2016-regression,RW-MLP,0.5809277576819328,0.038295805911224605,0.14566044486183505,0.006752982900806531,0.10556471716975006,0.004741154985335837,0.776015874052353,0.022441729492613496,52.78260996341705,1.0
MIP-2016-regression,FT-Transformer,0.5793513643542534,0.038289123559548124,0.14592588019463848,0.006631275933670809,0.1061618829769014,0.0044576311049365725,0.7697814917829854,0.021483567543426618,77.49723420143127,
MIP-2016-regression,RW-FT-Transformer,0.5714120017010653,0.04028329637640998,0.1473251904555049,0.007620865340372743,0.10637585784046903,0.005182997853364502,0.7656183264432135,0.022743300280988584,389.8597247838974,2.0
nyc-taxi-green-dec-2016,XGBoost,-0.12319278756452842,0.04602447964224592,30.001110482413537,2.978747550598981,15.66837587689594,0.7773723206000581,0.12555511994537527,0.022313127985670766,1.1986267566680908,
nyc-taxi-green-dec-2016,CatBoost,0.006764316574943585,0.020501187173302782,28.248451055482484,3.0800773089283546,14.034293389445214,0.7630561152683972,0.1844262265889106,0.02309342553563692,1.292572021484375,
nyc-taxi-green-dec-2016,LightGBM,-0.0048528542904613834,0.017209084056397116,28.42357989648095,3.1800173938780305,14.173425470629065,0.8365705557998704,0.16118493524315597,0.02617511302857279,470.06494715213773,
nyc-taxi-green-dec-2016,RandomForest,-0.004814515114221452,0.016301161677039776,28.4224135060967,3.172435390153015,14.330075316280125,0.8045016781268031,0.17112430737791715,0.029208970459618285,0.9428753137588501,
nyc-taxi-green-dec-2016,MLP,0.014077746100504463,0.01281313163689723,28.15880985161969,3.1852886083345213,14.03043143931923,0.7994313636623146,0.1814926291923382,0.028611195916731072,9.226381969451904,
nyc-taxi-green-dec-2016,RW-MLP,0.013750651145853044,0.010415785365729915,28.1660597540344,3.20550176453335,13.943855826820094,0.7901896915089923,0.18100000465182003,0.025805982200015787,57.6764279127121,10.0
nyc-taxi-green-dec-2016,FT-Transformer,0.015635970479645867,0.007066194155626151,28.142058668069307,3.2177953414402714,13.556799007614492,0.7346595456063587,0.18442303349146044,0.026208783261005085,35.15596733093262,
nyc-taxi-green-dec-2016,RW-FT-Transformer,0.015675646038623526,0.0073812682231207925,28.140393106583588,3.2095581279059875,13.52537096758052,0.7972145767070046,0.18269988800365894,0.027729445238538743,195.20480873584748,2.0
delays_zurich_transport,XGBoost,0.3666402301803685,0.15594348455907334,1.802666576031648,0.2946314792826571,0.7822372880734647,0.044903636465141686,0.7591194080728723,0.02305040423305197,1.1282837629318236,
delays_zurich_transport,CatBoost,0.36396831211181185,0.07190165425642374,1.821056805776505,0.25902783830881176,0.8751984681218712,0.03643311502254756,0.699903386268241,0.02778699687332204,1.0640338897705077,
delays_zurich_transport,LightGBM,0.46462842750507216,0.1050501835012344,1.6690000568174195,0.2876238399342582,0.805400233794305,0.05044664843776612,0.7377324302663272,0.027758622204183663,394.29167766571044,
delays_zurich_transport,RandomForest,0.5081875487725255,0.08321806643179301,1.605762850815486,0.29975090610630956,0.7209931345910963,0.04250271764130639,0.7645003976562895,0.02526134235471627,0.9324564218521119,
delays_zurich_transport,MLP,0.3789472989597217,0.2553700277605944,1.7721433688578803,0.35749873352690276,0.8781859445108232,0.03746227823616576,0.7095824268964404,0.03590092147925272,14.79550268650055,
delays_zurich_transport,RW-MLP,0.39988972687452373,0.3121914062415318,1.7279367250198363,0.4075822864413737,0.8385389508999419,0.06387047703646426,0.7309546670788916,0.04349002477609542,104.48579170703889,10.0
delays_zurich_transport,FT-Transformer,0.46987693330554475,0.07419265553648674,1.6720320202866852,0.31682274554173906,0.8753088026518225,0.033605501554735094,0.6877897138709009,0.02706895581671195,57.810091161727904,
delays_zurich_transport,RW-FT-Transformer,0.4545369676466179,0.0663460485341789,1.6962504302995405,0.3112940183890636,0.8852463051925878,0.03427862698577835,0.6872680152467121,0.02799543486910599,264.2259697198868,1.0
yprop_4_1,XGBoost,0.6218158143969169,0.032488934932819076,0.1458817985078274,0.005943617669957789,0.09886959490383043,0.00482948083106826,0.7983365094104002,0.02090233511279013,1.2975684642791747,
yprop_4_1,CatBoost,0.669978969329636,0.039569163714790044,0.13614887315122687,0.007355140161770187,0.0912427579347694,0.005021891205300672,0.8268910470994829,0.02221582166618399,1.2974052429199219,
yprop_4_1,LightGBM,0.6578365352955551,0.04631978727265963,0.13848426350183166,0.007158773724547177,0.09165764063789632,0.004680781625436653,0.8292750298775712,0.0221732906234538,464.4577587842941,
yprop_4_1,RandomForest,0.6423941455272434,0.03864597447034977,0.1417906047998722,0.007588381969696479,0.09641862480359562,0.005055833138878756,0.8172421751782124,0.02218790617852088,1.3499788045883179,
yprop_4_1,MLP,0.6541451154484141,0.061564371673504474,0.13902440367000782,0.010678208918584437,0.09266323964901282,0.005547641305316212,0.8265651840377897,0.02470155539215891,1.956578254699707,
yprop_4_1,RW-MLP,0.6416671711107998,0.0659542222697479,0.1413812082463411,0.010833218186497994,0.09484173928459641,0.006039433580734269,0.8269383988777708,0.021703102701321413,11.858723592758178,10.0
yprop_4_1,FT-Transformer,0.6540031004845621,0.039767902997986035,0.13945794223371846,0.008026577821393469,0.09053663094748743,0.005653630333751617,0.8304954096463891,0.02153824122975179,51.008782744407654,
yprop_4_1,RW-FT-Transformer,0.6446400754312721,0.04625803784364812,0.1412262361416945,0.009098737962015288,0.09139288974227383,0.007584621784547152,0.8312112708780169,0.02243266188384248,193.24714436531067,1.0
analcatdata_supreme,XGBoost,0.8526375272602023,0.034354549044664416,147011.42256801086,23375.460762604325,72971.73405859375,2045.1825325803634,0.9441012279377118,0.005203961865243094,1.1815313339233398,
analcatdata_supreme,CatBoost,0.868028262567522,0.0279685010824532,138838.93474504683,17923.30144581244,74460.13765915688,2426.2220194216975,0.9404893151527853,0.004207056783925621,1.1490980863571167,
analcatdata_supreme,LightGBM,0.8676793197551597,0.020802237592710545,139902.6958389295,18622.07085825059,71775.08813729904,2935.694208812382,0.9455643147653037,0.004810400951048845,543.0541836261749,
analcatdata_supreme,RandomForest,0.8509546001487533,0.025664833376246976,148032.89055930584,17436.01946884635,78478.08790725691,3058.582514436365,0.9359447784150797,0.005531713040331332,1.2846930503845215,
analcatdata_supreme,MLP,0.8764394914582647,0.01997534200064165,134377.15717851088,11541.988560107538,75743.6845859375,4151.492510802536,0.9380981179777826,0.005491526605903446,18.107073950767518,
analcatdata_supreme,RW-MLP,0.8893064815830201,0.023860696082624543,126645.46439071675,11899.477512038584,70983.77129453125,3432.348370486851,0.943963129479563,0.0037646836244660748,103.70115222930909,10.0
analcatdata_supreme,FT-Transformer,0.8837350406692815,0.016791307823793476,130814.48903664594,13121.814484492159,72594.30436562501,3669.312144447424,0.940807416571029,0.00452439130281671,86.51360437870025,
analcatdata_supreme,RW-FT-Transformer,0.8837659589729295,0.016955192869403474,130734.56472829459,12552.706063903892,71924.63767890625,2462.5468472869934,0.942595943804287,0.004096482774673001,404.6107614517212,3.0
elevators,XGBoost,0.8762433148507374,0.008629714222783875,0.0023668932042051186,6.407509469731825e-05,0.0017284345469154416,4.095263722458047e-05,0.793055579981575,0.011791590777840437,1.1954158782958983,
elevators,CatBoost,0.8806256200808574,0.01440149053645855,0.002320989068329368,0.00010784382970922582,0.0016779083258157148,5.230044558830181e-05,0.8004631853047659,0.011369563026743542,1.4514252424240113,
elevators,LightGBM,0.876962549332896,0.014576561722333509,0.00235652506005036,0.00011229324916111682,0.0017034859227604924,5.844121469985862e-05,0.8064155258624439,0.011548032324395819,398.04884004592896,
elevators,RandomForest,0.8105110970902876,0.020872898325498487,0.0029267554693593817,0.00015651210866149238,0.002017805058066989,8.427018268866956e-05,0.7546813690191045,0.01963551225876897,1.0661535739898682,
elevators,MLP,0.9211100641757121,0.00637244633030173,0.0018889315247980118,5.058557580659338e-05,0.0014016453644163905,3.167020729475459e-05,0.8355861758167246,0.009677365225530027,16.292289972305298,
elevators,RW-MLP,0.9211397515815177,0.005699178004470367,0.0018893474927451598,5.4892150607528214e-05,0.001396302520304173,4.055636707562034e-05,0.8364571525288307,0.010695719048784823,106.28584172725678,10.0
elevators,FT-Transformer,0.9178621840506471,0.00977468561188186,0.0019251713554506375,8.081019035171283e-05,0.001421013346480578,5.072818384740881e-05,0.8340567564241649,0.011962013640607502,91.37486183643341,
elevators,RW-FT-Transformer,0.9229694918218581,0.006579252261861092,0.0018661580298566336,4.7379200522803604e-05,0.0013827121349982915,3.078105407587053e-05,0.8382817372349043,0.011726157375977715,507.44355897903444,1.0
kin8nm,XGBoost,0.7919350314821161,0.010392226833387716,0.11902141304534161,0.002795668311803181,0.09263072297508972,0.001814155670082139,0.8930568925049185,0.006907443079443858,1.146384048461914,
kin8nm,CatBoost,0.8198249667339551,0.00769270007131248,0.11076466280023538,0.0020065789314877053,0.08628355144473718,0.0016785294643216738,0.9120285222635124,0.006021265963710115,1.1190277576446532,
kin8nm,LightGBM,0.7537803651801711,0.01175381679911211,0.1294638635450637,0.0021522779838238277,0.10126371419280963,0.0018176193364705428,0.8734384734325318,0.008612403340549439,350.28674085140227,
kin8nm,RandomForest,0.6826317209740006,0.008193475827228293,0.14704264342947898,0.0024258175225518887,0.11628328750891177,0.002453801650169403,0.8301347468668702,0.006426130773199042,0.9548877239227295,
kin8nm,MLP,0.9317933796552549,0.004461263636052335,0.06813191922186698,0.002196446960112491,0.052835495012114556,0.0017044482146475126,0.967491142291059,0.002267175570976298,20.956577634811403,
kin8nm,RW-MLP,0.9331623578836297,0.0032289341375807317,0.06746758500412434,0.001853417512680016,0.05237251444136698,0.0014930909370195653,0.9676931477858366,0.0015297039515729958,136.5399930715561,10.0
kin8nm,FT-Transformer,0.9198909966195282,0.0024943795861785438,0.07387486983691383,0.0014859614364119015,0.056821145942516985,0.0010947338292514848,0.9615608502486491,0.0017156183615813845,82.97025623321534,
kin8nm,RW-FT-Transformer,0.9284687157160649,0.004508655624155539,0.06980154468779458,0.0028861369368868134,0.053749196845380806,0.0024336177311126087,0.9650943772170116,0.002045996317309781,477.8457696676254,2.0
houses,XGBoost,0.8305966459833195,0.00789533857492009,47301.04448496812,947.0108294400891,31529.012888164667,511.27142584177864,0.9153864908690521,0.004666316607097079,1.2694462060928344,
houses,CatBoost,0.8172793813256641,0.006612566814350211,49130.90398827186,706.3167459262418,33446.17498606029,564.0664654559909,0.9082721606048387,0.006563425360421566,1.2188966989517211,
houses,LightGBM,0.8261214193335368,0.006696326901716151,47928.055791404266,851.1508844589893,32270.47389170417,536.2774202023213,0.9127679149120519,0.005735947659577853,357.16857368946074,
houses,RandomForest,0.7853834439183917,0.010705835638053012,53236.93324394169,1124.3474203077212,35821.9816450258,696.6320564842835,0.8977566681293707,0.007234929574245207,1.4482362985610961,
houses,MLP,0.812122116103202,0.005257312583458228,49826.57067328299,753.0254978358648,33272.41784592266,388.2176079896871,0.9085492718964707,0.004357994248963069,56.357498502731325,
houses,RW-MLP,0.8168236939402697,0.00825925270379545,49188.7142780906,1033.1554345036427,32595.296609473415,666.0143304467199,0.9122927765664457,0.004921105681017202,336.67142207622527,1.0
houses,FT-Transformer,0.8016955393299632,0.010885007739759516,51162.896256378815,989.9391094783235,34263.47548515852,985.3776731137741,0.901639743797222,0.007266596893160605,200.3596853017807,
houses,RW-FT-Transformer,0.8156763511910091,0.010171601054582185,49332.19245468936,1124.211550259246,32654.542076122667,655.0970322255505,0.9109030306408166,0.004499167534429101,1208.3074699163437,3.0
california_housing,XGBoost,0.8728188926315988,0.07028753200732367,27609.863128682548,5849.94601048084,16621.299777932363,1615.8347335727426,0.9504587692883861,0.00550412620039224,1.1864619255065918,
california_housing,CatBoost,0.8684838737235362,0.08717072195005404,27852.8653531652,7048.693415687759,15723.527714514534,1644.4422263184729,0.9554594917095909,0.007538766377147033,1.265175461769104,
california_housing,LightGBM,0.8610676360356024,0.06202289082482821,29184.49749219147,5876.943445935526,16278.36865026804,1473.5597466713336,0.9546476169498982,0.006709904169255037,216.33768680095673,
california_housing,RandomForest,0.8703943291770695,0.05078482137737776,28114.726662391768,4273.541128417338,17032.505563418043,1110.2271518011664,0.9472810482181266,0.00954877439466404,0.8030308008193969,
california_housing,MLP,0.781742593954348,0.1440737274171548,35686.79798956248,11375.665654668666,18573.27777718322,1910.8904905432319,0.9406392858747978,0.012312835331820265,1.414601469039917,
california_housing,RW-MLP,0.7652104861586595,0.14293321280645083,37099.77292422113,11717.205829136468,18619.105518247005,2130.5212183415783,0.945956186837234,0.012048032221909932,8.389134526252747,5.0
california_housing,FT-Transformer,0.8442804326896152,0.06800450032800577,30818.0208035775,6623.100704502599,17930.014533390415,2626.903766690556,0.9471715729043633,0.006605393699633622,21.660429644584656,
california_housing,RW-FT-Transformer,0.8287525356345213,0.09034036526657806,32104.998084107927,9395.775099601167,16822.79797998716,1972.8884412801976,0.9548336705389685,0.007605457754449208,117.27702219486237,5.0
pol,XGBoost,0.024558767268918747,0.11702202930446731,0.4923050354973218,0.02962132194035396,0.39664980628911184,0.03302373419365989,0.3538661573066165,0.0985355569064779,1.1520158052444458,
pol,CatBoost,0.13568215120798288,0.06746464290220462,0.46390951230141547,0.017782296977287,0.40909487113490456,0.019441954188734387,0.38299884942497775,0.0760307228971757,1.363266158103943,
pol,LightGBM,0.11796597128816651,0.09541522411299024,0.46831057480019744,0.025321675008051107,0.3989525356493402,0.025088955909201988,0.38128598610357983,0.09011620160384738,171.27803349494934,
pol,RandomForest,0.14178143078063127,0.09171642307425763,0.461961873264037,0.024462126016778683,0.3988414931120995,0.025810139113020356,0.3916268642354145,0.09580736262346164,0.7571256399154663,
pol,MLP,0.22013097537822496,0.08730141606098792,0.44033618789526896,0.0242867405607036,0.387757082145755,0.03332695934983198,0.47655092578459285,0.08819327688325714,2.417573428153992,
pol,RW-MLP,0.2814773348334317,0.06135955490607621,0.4229073296390549,0.018138031648678207,0.3593171805393796,0.02186047108139829,0.5304696630267636,0.061544696403422174,14.778834319114685,10.0
pol,FT-Transformer,0.14026679503897693,0.08061548684028094,0.4625177551263625,0.021728854617176604,0.41482517774365535,0.03227530187050101,0.3587803679936193,0.1138407413197843,9.657515215873719,
pol,RW-FT-Transformer,0.17999913191409211,0.0657156265640948,0.45184466390641315,0.017963141836988855,0.38950112406947035,0.026491182755570476,0.4285737131916897,0.08113548092492502,51.75202271938324,10.0
OnlineNewsPopularity,XGBoost,-0.25027140555294897,0.26818137792019064,12412.980384151175,5095.6940514499765,3626.265972201967,277.12167019900465,0.26294503008835174,0.0239225043456229,1.3329047679901123,
OnlineNewsPopularity,CatBoost,0.0005141738571632804,0.02507642320258736,11533.288843894481,5530.1783271644035,3141.3632123137027,312.22052798160536,0.31550048307105333,0.024731444958056834,1.3833983421325684,
OnlineNewsPopularity,LightGBM,-0.022166493544967823,0.03551537042173145,11647.328442328086,5554.800684957442,3195.8000516720117,346.5104366853839,0.3000627028728777,0.03213854429824727,288.4708362340927,
OnlineNewsPopularity,RandomForest,-0.1134346622551137,0.3288512874661658,11827.537258253968,5314.0781889595755,3210.693942737433,335.04334211195635,0.3220749767588253,0.018814272690911106,2.7496312618255616,
OnlineNewsPopularity,MLP,0.02071218220492086,0.012024855985911916,11446.60033523018,5539.344928397325,3073.92519817121,351.8498670302336,0.29725661668044234,0.02458150769171433,6.532486391067505,
OnlineNewsPopularity,RW-MLP,0.018205677658181173,0.009827288317623478,11460.859547135977,5543.439998711761,3006.3840737808227,401.0050283473429,0.31526314611374917,0.02925275834996119,43.35640025138855,1.0
OnlineNewsPopularity,FT-Transformer,0.02825517116934174,0.016084568521942233,11411.847674455403,5541.787346185652,2955.6510872833255,347.27658311994884,0.33194150768828035,0.02878381273784037,68.95764145851135,
OnlineNewsPopularity,RW-FT-Transformer,0.027653399644889408,0.015206972354875092,11417.071527565411,5542.332275119223,2940.408992953491,349.65123006735024,0.33949164026638007,0.02574123321405335,366.09156489372253,3.0
Yolanda,XGBoost,0.20266900630881937,0.0364233134227417,9.952816016760043,0.31126705991110215,7.068782556152344,0.2049679162577084,0.4785921635911274,0.02463152147016076,1.4468107223510742,
Yolanda,CatBoost,0.2684780614429319,0.028580379946496363,9.535494210736726,0.3255442710437026,6.687069589427686,0.2064421126895081,0.5253032889793421,0.020681806718358516,1.368256187438965,
Yolanda,LightGBM,0.2824480141094475,0.03142199809688495,9.44183458331465,0.28163987649868966,6.611782735175697,0.19970398459732824,0.5274019603990042,0.02636672725520559,563.163007736206,
Yolanda,RandomForest,0.22023508384989468,0.024420684594539735,9.846093607923947,0.3294091135560314,6.995418487183135,0.20780150363574584,0.47328951408411263,0.027883493394751036,8.68871853351593,
Yolanda,MLP,0.283940682471736,0.033229946506044654,9.431775739456533,0.29194059915545767,6.506369140625,0.20336499280046827,0.5506856618066706,0.026788834769787266,8.511451458930969,
Yolanda,RW-MLP,0.283166585520819,0.02918634425935616,9.437632546533706,0.2791956266491239,6.514093139648438,0.1975988959867208,0.5545460971623883,0.022362884507743923,56.78107657432556,3.0
Yolanda,FT-Transformer,0.28529814145662036,0.030640090607643413,9.42319047404777,0.28177554859600346,6.515652514648437,0.26691083906871116,0.542496253783764,0.0229183838480871,154.399063372612,
Yolanda,RW-FT-Transformer,0.2896282774774194,0.027735053198979225,9.395982601157058,0.2981402106178566,6.463477014160157,0.21683882826278603,0.552512906063389,0.02850854737775845,666.6525896310807,3.0
bank8FM,XGBoost,0.8000537698410932,0.019983198362013684,3.3259655687909238,0.16180093894616182,2.1839096393915325,0.08869382122709564,0.895437913743659,0.012365360687948218,1.6886510610580445,
bank8FM,CatBoost,0.7827237218618105,0.01619510295218034,3.4688418020115863,0.11226927354301071,2.46948260364326,0.061225388626265476,0.8883365626386194,0.010966047167110554,2.922303652763367,
bank8FM,LightGBM,0.8227533511043358,0.015366868659811024,3.132210996167965,0.12747447329966166,2.041268158551118,0.05120956542141938,0.9093083423214432,0.010020138074740812,258.9967790365219,
bank8FM,RandomForest,0.7791303029084804,0.021116557383432374,3.4958257289644514,0.15764901038704868,2.1189245580641165,0.07808983579896275,0.8865896398035267,0.015190657683572657,27.485600638389588,
bank8FM,MLP,0.9158708381148241,0.010139727198751804,2.156093158680423,0.12295253756181941,1.1827880644206052,0.04300323314203774,0.9592536977571872,0.005523101512496961,14.15887701511383,
bank8FM,RW-MLP,0.9149115614548956,0.009590992238248323,2.169488572519719,0.13248265674662757,1.1036973613834318,0.0674592438680097,0.9582023045031216,0.00482970680881112,112.86057271957398,1.0
bank8FM,FT-Transformer,0.8467048988756662,0.029304035812323798,2.901761011794366,0.2876488091910567,1.4651754484001924,0.18240835478161185,0.9229821290821658,0.01569394833325139,1583.9117198467254,
bank8FM,RW-FT-Transformer,0.9129271886055905,0.017573254402420274,2.1862264508575753,0.22848555335484716,0.8170918911936669,0.1336193119686869,0.9569534770980932,0.009004113158442843,5904.5545654296875,10.0
pumadyn32nm,XGBoost,0.4855563042306594,0.036801406568839616,0.6244126855458132,0.020772685322406302,0.45255074046208305,0.01350470089567838,0.7056412243292071,0.021100043748892867,0.8243744134902954,
pumadyn32nm,CatBoost,0.43751858814472,0.028578008590311184,0.6531369339244776,0.015054395742013863,0.508692789288961,0.011137549379705904,0.6675410618996886,0.024097328461583363,0.5391544580459595,
pumadyn32nm,LightGBM,0.4424510608414673,0.02928754369045153,0.6502723777180978,0.016651847641718318,0.499604163032873,0.01260000895306614,0.6738559068304321,0.02517265379956445,15.684059715270996,
pumadyn32nm,RandomForest,0.4549299021794253,0.026204550672575332,0.6429663016100416,0.014344900296485219,0.4938465180198303,0.011183742355535783,0.6844662922731808,0.02330865867874989,0.9134162187576294,
pumadyn32nm,MLP,0.44201057259355725,0.013971841164534506,0.6507133264528642,0.007424294418184514,0.5072906666535599,0.008908831840801266,0.6738457247112457,0.012343977156463034,11.856859612464905,
pumadyn32nm,RW-MLP,0.44228761706745556,0.019619686447806078,0.6505076614854044,0.011511496984823818,0.5064163484206567,0.008110650075329753,0.6719635256834163,0.015086709690868807,76.36867575645446,3.0
pumadyn32nm,FT-Transformer,0.398391664458865,0.02249310014911968,0.6755438346852807,0.008441002015998763,0.5274944763183594,0.008973149853586044,0.646512972433806,0.02004932272565144,40.72040808200836,
pumadyn32nm,RW-FT-Transformer,0.4009404410533479,0.024343862266124807,0.6741025422900886,0.011020381874648927,0.5240388733790471,0.008218707774245009,0.6480559720745257,0.018998233767473602,254.19193243980408,10.0
cpu_act,XGBoost,0.8364009131607579,0.014177054718066264,0.0001624542698637869,5.558829038732431e-06,0.00011673845034683822,2.8844036846922793e-06,0.9072646336829256,0.0041114112490171,0.7784006357192993,
cpu_act,CatBoost,0.8454854529724576,0.013351014561880734,0.00015784880525619935,4.653114410649195e-06,0.00011494406024940848,3.4328789807820433e-06,0.9087706773384487,0.0048695674003345095,0.6560298442840576,
cpu_act,LightGBM,0.8441648076932864,0.012625268479125214,0.00015857574753200566,5.1714685315174014e-06,0.00011454018049525062,3.3456452802511784e-06,0.91071497207561,0.0038922469228375545,16.827843189239502,
cpu_act,RandomForest,0.8320790797309838,0.013015933316093298,0.000164628238352994,5.149113813982327e-06,0.00011963058885932219,2.5692555844496406e-06,0.9048165408394361,0.002600899460069424,1.1933643579483033,
cpu_act,MLP,0.8400047960780928,0.013448518209770038,0.00016061673382616884,3.985317380068673e-06,0.00011690999417342711,3.2310041175497664e-06,0.9050069572955524,0.00576210750282753,10.511653447151184,
cpu_act,RW-MLP,0.8421999102751316,0.010150585263266334,0.00015965020637332506,4.379361513173033e-06,0.00011612030493416126,2.9990008672591216e-06,0.9063606368613415,0.0041912542783934725,70.20888774394989,10.0
cpu_act,FT-Transformer,0.8418423967455066,0.013669872510328022,0.00015967141860287327,4.057757260470262e-06,0.00011610474210239948,2.9951647056582097e-06,0.9064687298906942,0.004623500871037381,92.83521816730499,
cpu_act,RW-FT-Transformer,0.84558894835314,0.014569727934511148,0.00015772888886484037,4.48075902873676e-06,0.0001151688659143541,3.4530644012971764e-06,0.9079251082721601,0.00494101304606244,494.6759251356125,10.0
topo_2_1,XGBoost,0.14902118338160736,0.01975246499646255,0.4610467981506708,0.005389461896399609,0.38882714658701445,0.005505850822382755,0.4256922749794393,0.019000866715731726,0.8095868587493896,
topo_2_1,CatBoost,0.22276203681631657,0.016249880158534964,0.44062423637101816,0.004636248590632883,0.3897411168352952,0.004461193855500469,0.47451892563795256,0.017597495969967965,0.6314282655715943,
topo_2_1,LightGBM,0.2370643222933929,0.011972349044960093,0.43656131077305815,0.003393597422051592,0.38279666467603957,0.0033954762125258916,0.48847175839380463,0.013363573375090101,13.119332957267762,
topo_2_1,RandomForest,0.21559770040005297,0.022130867003952493,0.44263026391938654,0.006250219019574618,0.3959208472393312,0.005618013204178597,0.46502237954035375,0.025753571698380457,1.9572142601013183,
topo_2_1,MLP,0.1562096665069718,0.018713039736216342,0.45909841633724247,0.005112823783851495,0.4094825502060587,0.008123277588375645,0.40865265826787206,0.022650279562084867,7.4383811235427855,
topo_2_1,RW-MLP,0.19830624126087237,0.0193762852499053,0.4474942183217164,0.005406999774280269,0.39252295597544473,0.008060098414736204,0.4544188893290214,0.021052332862265315,54.47093369960785,10.0
topo_2_1,FT-Transformer,0.21827629443369298,0.02317159691143379,0.4418689779354249,0.006586157502163178,0.3770093345506903,0.007347984062367691,0.4715971240202295,0.02203065493436713,61.790535187721254,
topo_2_1,RW-FT-Transformer,0.21486428724997925,0.024522884515729107,0.442826949195367,0.006970297799047123,0.37660926797338035,0.00983875735479374,0.4695500888102437,0.024967536585974757,312.84564719200137,10.0
superconduct,XGBoost,0.9999774508563647,9.75088040460052e-06,0.05730247228132033,0.014215117713366445,0.016076040336851456,0.003129923750034034,0.9992728362944027,8.904164833071128e-05,0.6548713684082031,
superconduct,CatBoost,0.9998790557553201,2.206875726513017e-05,0.13581317471957097,0.01235889394331246,0.0914735157640276,0.009997519737011122,0.999280750021998,7.668419808666523e-05,0.5367552995681762,
superconduct,LightGBM,0.9999635948616188,1.3414060450167894e-05,0.07350315220307026,0.01331428659379078,0.026284625644417792,0.004215937573806331,0.9992898434584614,7.709586869947927e-05,14.035526609420776,
superconduct,RandomForest,0.9999916807765649,4.787722397737638e-06,0.033721652913674016,0.012016721389435896,0.003758507705603266,0.0015143663048852183,0.9995982179401892,0.00012510513967461213,0.8169426202774048,
superconduct,MLP,0.9996007013837043,0.00013353637776828824,0.24434169025061608,0.037793886286607216,0.19051717678935537,0.031250287571296324,0.9991841634196221,0.000234191720285183,7.158202075958252,
superconduct,RW-MLP,0.9997505850845277,5.064123259107412e-05,0.19467480642827031,0.019460229588537842,0.14780691916542935,0.014472946528355315,0.999274429992524,8.051392785116002e-05,45.32584681510925,2.0
superconduct,FT-Transformer,0.9988937884906737,0.0003676749493845018,0.40654795158797297,0.0697545115077738,0.33285368962784034,0.06374405380572276,0.9986022367537736,0.0005322270451479185,19.704256582260133,
superconduct,RW-FT-Transformer,0.9989236391364388,0.0003425394073309091,0.4016907451065491,0.06592213199578265,0.3275331072311181,0.06285659144504253,0.9986831483174902,0.00046578872248100527,112.74092383384705,5.0
jannis,XGBoost,0.4989233314670042,0.06442925749766201,8.799406569227747,1.2549083522127995,5.740952280801153,0.2888728726972472,0.7416923913219436,0.024917965578768603,0.8197443962097168,
jannis,CatBoost,0.5660987503477674,0.07673743994317919,8.195077523964667,1.4152616307770134,5.323639017916468,0.27764781377073244,0.7587092489927246,0.024357099865990682,0.9000343084335327,
jannis,LightGBM,0.5659909349673277,0.07148320412344047,8.196211405119925,1.3663318275859024,5.35588849397488,0.25124377806934167,0.7557401781103555,0.022088454563951046,22.267642402648924,
jannis,RandomForest,0.5645369153164942,0.07060724956671968,8.209729517362405,1.3565153405515333,5.307347754611484,0.26518415098291787,0.7492817057112741,0.026344432852177586,1.0095714330673218,
jannis,MLP,0.547709681814442,0.06874615377321447,8.367808724913532,1.3457810789167797,5.532678189529093,0.2903638735894725,0.752047254588199,0.021142219421805667,2.753497004508972,
jannis,RW-MLP,0.5458682122637255,0.06904971838616428,8.38481514433399,1.3481033280470183,5.494898666055638,0.2513778934793173,0.7504707103457928,0.021357552666838066,23.619164919853212,2.0
jannis,FT-Transformer,0.5653860475322403,0.07977743459777813,8.19787059108259,1.4243198682275247,5.289538714991047,0.2794248600438306,0.7461146637784972,0.02877064909525926,203.12735772132874,
jannis,RW-FT-Transformer,0.5611417150700058,0.07184158678641324,8.241904368773247,1.3688851065608425,5.360234809929855,0.1852195620765199,0.7516693183613117,0.02356643815919672,859.643103480339,10.0
